source,native,name,p_value,significant,description,term_size,query_size,intersection_size,effective_domain_size,precision,recall,query,parents,program
GO:BP,GO:0006366,transcription by RNA polymerase II,6.624658052073068e-07,True,"""The synthesis of RNA from a DNA template by RNA polymerase II (RNAP II), originating at an RNA polymerase II promoter. Includes transcription of messenger RNA (mRNA) and certain small nuclear RNAs (snRNAs)."" [GOC:jl, GOC:txnOH, ISBN:0321000382]",2827,67,30,20972,0.44776119402985076,0.010611956137247965,query_1,['GO:0006351'],Program_1
GO:BP,GO:0006357,regulation of transcription by RNA polymerase II,1.0410236876935653e-06,True,"""Any process that modulates the frequency, rate or extent of transcription mediated by RNA polymerase II."" [GOC:go_curators, GOC:txnOH]",2688,67,29,20972,0.43283582089552236,0.010788690476190476,query_1,"['GO:0006355', 'GO:0006366']",Program_1
GO:BP,GO:0006351,DNA-templated transcription,1.384693621973318e-06,True,"""The synthesis of an RNA transcript from a DNA template."" [GOC:jl, GOC:txnOH]",3523,67,33,20972,0.4925373134328358,0.009367016747090548,query_1,"['GO:0010467', 'GO:0032774']",Program_1
GO:BP,GO:0006355,regulation of DNA-templated transcription,1.124916214935986e-05,True,"""Any process that modulates the frequency, rate or extent of cellular DNA-templated transcription."" [GOC:go_curators, GOC:txnOH]",3385,67,31,20972,0.4626865671641791,0.009158050221565732,query_1,"['GO:0006351', 'GO:0010468', 'GO:2001141']",Program_1
GO:BP,GO:2001141,regulation of RNA biosynthetic process,1.2268228862516109e-05,True,"""Any process that modulates the frequency, rate or extent of RNA biosynthetic process."" [GOC:dph]",3397,67,31,20972,0.4626865671641791,0.009125699146305564,query_1,"['GO:0010556', 'GO:0032774', 'GO:0051252']",Program_1
GO:BP,GO:0051252,regulation of RNA metabolic process,1.660795795621071e-05,True,"""Any process that modulates the frequency, rate or extent of the chemical reactions and pathways involving RNA."" [GOC:ai]",3654,67,32,20972,0.47761194029850745,0.00875752599890531,query_1,"['GO:0016070', 'GO:0019219', 'GO:0060255']",Program_1
GO:BP,GO:0019219,regulation of nucleobase-containing compound metabolic process,0.0001169003344850499,True,"""Any cellular process that modulates the frequency, rate or extent of the chemical reactions and pathways involving nucleobases, nucleosides, nucleotides and nucleic acids."" [GOC:go_curators]",3954,67,32,20972,0.47761194029850745,0.008093070308548306,query_1,"['GO:0006139', 'GO:0080090']",Program_1
GO:BP,GO:0010468,regulation of gene expression,0.00091262002960224,True,"""Any process that modulates the frequency, rate or extent of gene expression. Gene expression is the process in which a gene's coding sequence is converted into a mature gene product (protein or RNA)."" [GOC:txnOH-2018]",5549,67,37,20972,0.5522388059701493,0.006667868084339521,query_1,"['GO:0010467', 'GO:0010556']",Program_1
GO:BP,GO:0010556,regulation of macromolecule biosynthetic process,0.0014565330008808198,True,"""Any process that modulates the rate, frequency or extent of the chemical reactions and pathways resulting in the formation of a macromolecule, any molecule of high relative molecular mass, the structure of which essentially comprises the multiple repetition of units derived, actually or conceptually, from molecules of low relative molecular mass."" [GOC:dph, GOC:tb]",5647,67,37,20972,0.5522388059701493,0.0065521515849123425,query_1,"['GO:0009059', 'GO:0009889', 'GO:0060255']",Program_1
GO:BP,GO:0006139,nucleobase-containing compound metabolic process,0.0019229579552702668,True,"""Any cellular metabolic process involving nucleobases, nucleosides, nucleotides and nucleic acids."" [GOC:ai]",7964,67,45,20972,0.6716417910447762,0.005650426921145153,query_1,['GO:0044238'],Program_1
GO:BP,GO:0009889,regulation of biosynthetic process,0.0032417917772120776,True,"""Any process that modulates the frequency, rate or extent of the chemical reactions and pathways resulting in the formation of substances."" [GOC:go_curators]",5821,67,37,20972,0.5522388059701493,0.00635629616904312,query_1,"['GO:0009058', 'GO:0019222']",Program_1
GO:BP,GO:0060255,regulation of macromolecule metabolic process,0.0037062586308511418,True,"""Any process that modulates the frequency, rate or extent of the chemical reactions and pathways involving macromolecules, any molecule of high relative molecular mass, the structure of which essentially comprises the multiple repetition of units derived, actually or conceptually, from molecules of low relative molecular mass."" [GOC:dph, GOC:tb]",6392,67,39,20972,0.582089552238806,0.0061013767209011265,query_1,"['GO:0019222', 'GO:0043170']",Program_1
GO:BP,GO:0080090,regulation of primary metabolic process,0.007169699293199643,True,"""Any process that modulates the frequency, rate or extent of the chemical reactions and pathways within a cell or an organism involving those compounds formed as a part of the normal anabolic and catabolic processes. These processes take place in most, if not all, cells of the organism."" [PMID:19211694]",5215,67,34,20972,0.5074626865671642,0.006519654841802493,query_1,"['GO:0019222', 'GO:0044238']",Program_1
GO:BP,GO:0019222,regulation of metabolic process,0.009542164023726462,True,"""Any process that modulates the frequency, rate or extent of the chemical reactions and pathways within a cell or an organism."" [GOC:go_curators]",6900,67,40,20972,0.5970149253731343,0.005797101449275362,query_1,"['GO:0008152', 'GO:0050794']",Program_1
GO:BP,GO:0044238,primary metabolic process,0.01122529206594781,True,"""The chemical reactions and pathways involving those compounds which are formed as a part of the normal anabolic and catabolic processes. These processes take place in most, if not all, cells of the organism."" [GOC:go_curators]",12170,67,56,20972,0.835820895522388,0.004601479046836483,query_1,['GO:0008152'],Program_1
GO:BP,GO:0034654,nucleobase-containing compound biosynthetic process,0.016208136291784723,True,"""The chemical reactions and pathways resulting in the formation of nucleobases, nucleosides, nucleotides and nucleic acids."" [GOC:mah]",7035,67,40,20972,0.5970149253731343,0.005685856432125089,query_1,"['GO:0006139', 'GO:0009058']",Program_1
GO:BP,GO:0051252,regulation of RNA metabolic process,7.564360927141698e-06,True,"""Any process that modulates the frequency, rate or extent of the chemical reactions and pathways involving RNA."" [GOC:ai]",3654,91,40,20972,0.43956043956043955,0.010946907498631636,query_1,"['GO:0016070', 'GO:0019219', 'GO:0060255']",Program_2
GO:BP,GO:0006351,DNA-templated transcription,9.832907299625546e-06,True,"""The synthesis of an RNA transcript from a DNA template."" [GOC:jl, GOC:txnOH]",3523,91,39,20972,0.42857142857142855,0.01107011070110701,query_1,"['GO:0010467', 'GO:0032774']",Program_2
GO:BP,GO:0006355,regulation of DNA-templated transcription,1.1906605616187696e-05,True,"""Any process that modulates the frequency, rate or extent of cellular DNA-templated transcription."" [GOC:go_curators, GOC:txnOH]",3385,91,38,20972,0.4175824175824176,0.011225997045790252,query_1,"['GO:0006351', 'GO:0010468', 'GO:2001141']",Program_2
GO:BP,GO:2001141,regulation of RNA biosynthetic process,1.3164423098923052e-05,True,"""Any process that modulates the frequency, rate or extent of RNA biosynthetic process."" [GOC:dph]",3397,91,38,20972,0.4175824175824176,0.011186340889019724,query_1,"['GO:0010556', 'GO:0032774', 'GO:0051252']",Program_2
GO:BP,GO:0006366,transcription by RNA polymerase II,2.0819043092449004e-05,True,"""The synthesis of RNA from a DNA template by RNA polymerase II (RNAP II), originating at an RNA polymerase II promoter. Includes transcription of messenger RNA (mRNA) and certain small nuclear RNAs (snRNAs)."" [GOC:jl, GOC:txnOH, ISBN:0321000382]",2827,91,34,20972,0.37362637362637363,0.012026883622214362,query_1,['GO:0006351'],Program_2
GO:BP,GO:0006357,regulation of transcription by RNA polymerase II,2.2999087254010032e-05,True,"""Any process that modulates the frequency, rate or extent of transcription mediated by RNA polymerase II."" [GOC:go_curators, GOC:txnOH]",2688,91,33,20972,0.3626373626373626,0.012276785714285714,query_1,"['GO:0006355', 'GO:0006366']",Program_2
GO:BP,GO:0019219,regulation of nucleobase-containing compound metabolic process,7.659845682778583e-05,True,"""Any cellular process that modulates the frequency, rate or extent of the chemical reactions and pathways involving nucleobases, nucleosides, nucleotides and nucleic acids."" [GOC:go_curators]",3954,91,40,20972,0.43956043956043955,0.010116337885685382,query_1,"['GO:0006139', 'GO:0080090']",Program_2
GO:BP,GO:0010468,regulation of gene expression,0.0017976790176167927,True,"""Any process that modulates the frequency, rate or extent of gene expression. Gene expression is the process in which a gene's coding sequence is converted into a mature gene product (protein or RNA)."" [GOC:txnOH-2018]",5549,91,46,20972,0.5054945054945055,0.008289781942692377,query_1,"['GO:0010467', 'GO:0010556']",Program_2
GO:BP,GO:0080090,regulation of primary metabolic process,0.0023759197179655978,True,"""Any process that modulates the frequency, rate or extent of the chemical reactions and pathways within a cell or an organism involving those compounds formed as a part of the normal anabolic and catabolic processes. These processes take place in most, if not all, cells of the organism."" [PMID:19211694]",5215,91,44,20972,0.4835164835164835,0.008437200383509109,query_1,"['GO:0019222', 'GO:0044238']",Program_2
GO:BP,GO:0010556,regulation of macromolecule biosynthetic process,0.003064210608987773,True,"""Any process that modulates the rate, frequency or extent of the chemical reactions and pathways resulting in the formation of a macromolecule, any molecule of high relative molecular mass, the structure of which essentially comprises the multiple repetition of units derived, actually or conceptually, from molecules of low relative molecular mass."" [GOC:dph, GOC:tb]",5647,91,46,20972,0.5054945054945055,0.008145918186647777,query_1,"['GO:0009059', 'GO:0009889', 'GO:0060255']",Program_2
GO:BP,GO:0060255,regulation of macromolecule metabolic process,0.00648948936570972,True,"""Any process that modulates the frequency, rate or extent of the chemical reactions and pathways involving macromolecules, any molecule of high relative molecular mass, the structure of which essentially comprises the multiple repetition of units derived, actually or conceptually, from molecules of low relative molecular mass."" [GOC:dph, GOC:tb]",6392,91,49,20972,0.5384615384615384,0.007665832290362953,query_1,"['GO:0019222', 'GO:0043170']",Program_2
GO:BP,GO:0009889,regulation of biosynthetic process,0.007603996808491993,True,"""Any process that modulates the frequency, rate or extent of the chemical reactions and pathways resulting in the formation of substances."" [GOC:go_curators]",5821,91,46,20972,0.5054945054945055,0.00790242226421577,query_1,"['GO:0009058', 'GO:0019222']",Program_2
GO:BP,GO:0019222,regulation of metabolic process,0.010236579886014478,True,"""Any process that modulates the frequency, rate or extent of the chemical reactions and pathways within a cell or an organism."" [GOC:go_curators]",6900,91,51,20972,0.5604395604395604,0.007391304347826087,query_1,"['GO:0008152', 'GO:0050794']",Program_2
GO:BP,GO:0009891,positive regulation of biosynthetic process,0.029391855177240724,True,"""Any process that activates or increases the frequency, rate or extent of the chemical reactions and pathways resulting in the formation of substances."" [GOC:go_curators]",2645,91,27,20972,0.2967032967032967,0.010207939508506616,query_1,"['GO:0009058', 'GO:0009889', 'GO:0009893']",Program_2
GO:BP,GO:0035666,TRIF-dependent toll-like receptor signaling pathway,0.03841254939701848,True,"""The series of molecular signals initiated by a ligand binding to a toll-like receptor where the TRIF adaptor mediates transduction of the signal. Toll-like receptors directly bind pattern motifs from a variety of microbial sources to initiate an innate immune response."" [GOC:BHF, PMID:12855817]",12,91,3,20972,0.03296703296703297,0.25,query_1,['GO:0002756'],Program_2
GO:BP,GO:0010557,positive regulation of macromolecule biosynthetic process,0.042368779150039886,True,"""Any process that increases the rate, frequency or extent of the chemical reactions and pathways resulting in the formation of a macromolecule, any molecule of high relative molecular mass, the structure of which essentially comprises the multiple repetition of units derived, actually or conceptually, from molecules of low relative molecular mass."" [GOC:dph, GOC:tb]",2538,91,26,20972,0.2857142857142857,0.01024428684003152,query_1,"['GO:0009059', 'GO:0009891', 'GO:0010556', 'GO:0010604']",Program_2
GO:BP,GO:2001141,regulation of RNA biosynthetic process,7.666005223103082e-07,True,"""Any process that modulates the frequency, rate or extent of RNA biosynthetic process."" [GOC:dph]",3397,71,34,20972,0.4788732394366197,0.010008831321754489,query_1,"['GO:0010556', 'GO:0032774', 'GO:0051252']",Program_3
GO:BP,GO:0006357,regulation of transcription by RNA polymerase II,1.1166810820569863e-06,True,"""Any process that modulates the frequency, rate or extent of transcription mediated by RNA polymerase II."" [GOC:go_curators, GOC:txnOH]",2688,71,30,20972,0.4225352112676056,0.011160714285714286,query_1,"['GO:0006355', 'GO:0006366']",Program_3
GO:BP,GO:0051252,regulation of RNA metabolic process,1.1977382966369728e-06,True,"""Any process that modulates the frequency, rate or extent of the chemical reactions and pathways involving RNA."" [GOC:ai]",3654,71,35,20972,0.49295774647887325,0.009578544061302681,query_1,"['GO:0016070', 'GO:0019219', 'GO:0060255']",Program_3
GO:BP,GO:0006351,DNA-templated transcription,2.060745084984772e-06,True,"""The synthesis of an RNA transcript from a DNA template."" [GOC:jl, GOC:txnOH]",3523,71,34,20972,0.4788732394366197,0.009650865739426626,query_1,"['GO:0010467', 'GO:0032774']",Program_3
GO:BP,GO:0019219,regulation of nucleobase-containing compound metabolic process,2.385150626083036e-06,True,"""Any cellular process that modulates the frequency, rate or extent of the chemical reactions and pathways involving nucleobases, nucleosides, nucleotides and nucleic acids."" [GOC:go_curators]",3954,71,36,20972,0.5070422535211268,0.009104704097116844,query_1,"['GO:0006139', 'GO:0080090']",Program_3
GO:BP,GO:0006355,regulation of DNA-templated transcription,3.3068318520340594e-06,True,"""Any process that modulates the frequency, rate or extent of cellular DNA-templated transcription."" [GOC:go_curators, GOC:txnOH]",3385,71,33,20972,0.4647887323943662,0.009748892171344165,query_1,"['GO:0006351', 'GO:0010468', 'GO:2001141']",Program_3
GO:BP,GO:0006366,transcription by RNA polymerase II,3.7877105449731183e-06,True,"""The synthesis of RNA from a DNA template by RNA polymerase II (RNAP II), originating at an RNA polymerase II promoter. Includes transcription of messenger RNA (mRNA) and certain small nuclear RNAs (snRNAs)."" [GOC:jl, GOC:txnOH, ISBN:0321000382]",2827,71,30,20972,0.4225352112676056,0.010611956137247965,query_1,['GO:0006351'],Program_3
GO:BP,GO:0080090,regulation of primary metabolic process,6.079075567206673e-06,True,"""Any process that modulates the frequency, rate or extent of the chemical reactions and pathways within a cell or an organism involving those compounds formed as a part of the normal anabolic and catabolic processes. These processes take place in most, if not all, cells of the organism."" [PMID:19211694]",5215,71,41,20972,0.5774647887323944,0.007861936720997123,query_1,"['GO:0019222', 'GO:0044238']",Program_3
GO:BP,GO:0019222,regulation of metabolic process,6.0851920540376114e-05,True,"""Any process that modulates the frequency, rate or extent of the chemical reactions and pathways within a cell or an organism."" [GOC:go_curators]",6900,71,46,20972,0.647887323943662,0.006666666666666667,query_1,"['GO:0008152', 'GO:0050794']",Program_3
GO:BP,GO:0009889,regulation of biosynthetic process,0.00018118989593316547,True,"""Any process that modulates the frequency, rate or extent of the chemical reactions and pathways resulting in the formation of substances."" [GOC:go_curators]",5821,71,41,20972,0.5774647887323944,0.007043463322453186,query_1,"['GO:0009058', 'GO:0019222']",Program_3
GO:BP,GO:0060255,regulation of macromolecule metabolic process,0.0008605945536962416,True,"""Any process that modulates the frequency, rate or extent of the chemical reactions and pathways involving macromolecules, any molecule of high relative molecular mass, the structure of which essentially comprises the multiple repetition of units derived, actually or conceptually, from molecules of low relative molecular mass."" [GOC:dph, GOC:tb]",6392,71,42,20972,0.5915492957746479,0.006570713391739674,query_1,"['GO:0019222', 'GO:0043170']",Program_3
GO:BP,GO:0010556,regulation of macromolecule biosynthetic process,0.0009254507168246593,True,"""Any process that modulates the rate, frequency or extent of the chemical reactions and pathways resulting in the formation of a macromolecule, any molecule of high relative molecular mass, the structure of which essentially comprises the multiple repetition of units derived, actually or conceptually, from molecules of low relative molecular mass."" [GOC:dph, GOC:tb]",5647,71,39,20972,0.5492957746478874,0.0069063219408535504,query_1,"['GO:0009059', 'GO:0009889', 'GO:0060255']",Program_3
GO:BP,GO:0010468,regulation of gene expression,0.0019130468439866417,True,"""Any process that modulates the frequency, rate or extent of gene expression. Gene expression is the process in which a gene's coding sequence is converted into a mature gene product (protein or RNA)."" [GOC:txnOH-2018]",5549,71,38,20972,0.5352112676056338,0.006848080735267616,query_1,"['GO:0010467', 'GO:0010556']",Program_3
WP,WP:WP2018,RANKL RANK signaling,0.007199897973960845,True,RANKL RANK signaling,50,36,4,8899,0.1111111111111111,0.08,query_1,['WP:000000'],Program_3
GO:BP,GO:0008152,metabolic process,0.0080978300900187,True,"""A cellular process consisting of the biochemical pathways by which a living organism transforms chemical substances. This includes including anabolism (biosynthetic process) and catabolism (catabolic process). Metabolic processes includes the transformation of small molecules, as well  macromolecular processes such as DNA repair and replication, protein synthesis and degradation."" [GOC:go_curators, ISBN:0198547684]",14035,71,64,20972,0.9014084507042254,0.004560028500178126,query_1,['GO:0009987'],Program_3
GO:BP,GO:0044238,primary metabolic process,0.009580016072901642,True,"""The chemical reactions and pathways involving those compounds which are formed as a part of the normal anabolic and catabolic processes. These processes take place in most, if not all, cells of the organism."" [GOC:go_curators]",12170,71,59,20972,0.8309859154929577,0.004847986852917009,query_1,['GO:0008152'],Program_3
WP,WP:WP4754,IL18 signaling,0.011286049890805243,True,IL18 signaling,56,36,4,8899,0.1111111111111111,0.07142857142857142,query_1,['WP:000000'],Program_3
GO:BP,GO:0043170,macromolecule metabolic process,0.014946556604870652,True,"""The chemical reactions and pathways involving macromolecules, any molecule of high relative molecular mass, the structure of which essentially comprises the multiple repetition of units derived, actually or conceptually, from molecules of low relative molecular mass."" [GOC:mah]",11942,71,58,20972,0.8169014084507042,0.004856807904873556,query_1,['GO:0008152'],Program_3
GO:BP,GO:0006139,nucleobase-containing compound metabolic process,0.020692991911976828,True,"""Any cellular metabolic process involving nucleobases, nucleosides, nucleotides and nucleic acids."" [GOC:ai]",7964,71,45,20972,0.6338028169014085,0.005650426921145153,query_1,['GO:0044238'],Program_3
WP,WP:WP2034,Leptin signaling,0.028595234623098445,True,Leptin signaling,71,36,4,8899,0.1111111111111111,0.056338028169014086,query_1,['WP:000000'],Program_3
GO:BP,GO:0051254,positive regulation of RNA metabolic process,0.03781942497983905,True,"""Any process that activates or increases the frequency, rate or extent of the chemical reactions and pathways involving RNA."" [GOC:ai]",1804,71,18,20972,0.2535211267605634,0.009977827050997782,query_1,"['GO:0010604', 'GO:0016070', 'GO:0051252']",Program_3
GO:BP,GO:0034654,nucleobase-containing compound biosynthetic process,0.04014099654175399,True,"""The chemical reactions and pathways resulting in the formation of nucleobases, nucleosides, nucleotides and nucleic acids."" [GOC:mah]",7035,71,41,20972,0.5774647887323944,0.0058280028429282165,query_1,"['GO:0006139', 'GO:0009058']",Program_3
WP,WP:WP5490,Inhibition of GNAQ regulated signaling in uveal melanoma,0.048292805747833754,True,Inhibition of GNAQ regulated signaling in uveal melanoma,33,36,3,8899,0.08333333333333333,0.09090909090909091,query_1,['WP:000000'],Program_3
GO:BP,GO:0006351,DNA-templated transcription,2.393063890413197e-06,True,"""The synthesis of an RNA transcript from a DNA template."" [GOC:jl, GOC:txnOH]",3523,58,30,20972,0.5172413793103449,0.008515469770082317,query_1,"['GO:0010467', 'GO:0032774']",Program_4
GO:BP,GO:0006357,regulation of transcription by RNA polymerase II,4.265427711830687e-06,True,"""Any process that modulates the frequency, rate or extent of transcription mediated by RNA polymerase II."" [GOC:go_curators, GOC:txnOH]",2688,58,26,20972,0.4482758620689655,0.009672619047619048,query_1,"['GO:0006355', 'GO:0006366']",Program_4
GO:BP,GO:0006355,regulation of DNA-templated transcription,4.86735451437955e-06,True,"""Any process that modulates the frequency, rate or extent of cellular DNA-templated transcription."" [GOC:go_curators, GOC:txnOH]",3385,58,29,20972,0.5,0.008567208271787297,query_1,"['GO:0006351', 'GO:0010468', 'GO:2001141']",Program_4
GO:BP,GO:2001141,regulation of RNA biosynthetic process,5.294798498930415e-06,True,"""Any process that modulates the frequency, rate or extent of RNA biosynthetic process."" [GOC:dph]",3397,58,29,20972,0.5,0.008536944362672947,query_1,"['GO:0010556', 'GO:0032774', 'GO:0051252']",Program_4
GO:BP,GO:0051252,regulation of RNA metabolic process,5.876023311269296e-06,True,"""Any process that modulates the frequency, rate or extent of the chemical reactions and pathways involving RNA."" [GOC:ai]",3654,58,30,20972,0.5172413793103449,0.008210180623973728,query_1,"['GO:0016070', 'GO:0019219', 'GO:0060255']",Program_4
GO:BP,GO:0006366,transcription by RNA polymerase II,1.2619801889919582e-05,True,"""The synthesis of RNA from a DNA template by RNA polymerase II (RNAP II), originating at an RNA polymerase II promoter. Includes transcription of messenger RNA (mRNA) and certain small nuclear RNAs (snRNAs)."" [GOC:jl, GOC:txnOH, ISBN:0321000382]",2827,58,26,20972,0.4482758620689655,0.00919702865228157,query_1,['GO:0006351'],Program_4
GO:BP,GO:0019219,regulation of nucleobase-containing compound metabolic process,3.9670653808873175e-05,True,"""Any cellular process that modulates the frequency, rate or extent of the chemical reactions and pathways involving nucleobases, nucleosides, nucleotides and nucleic acids."" [GOC:go_curators]",3954,58,30,20972,0.5172413793103449,0.007587253414264037,query_1,"['GO:0006139', 'GO:0080090']",Program_4
GO:BP,GO:0006139,nucleobase-containing compound metabolic process,0.00022487044253279446,True,"""Any cellular metabolic process involving nucleobases, nucleosides, nucleotides and nucleic acids."" [GOC:ai]",7964,58,42,20972,0.7241379310344828,0.00527373179306881,query_1,['GO:0044238'],Program_4
GO:BP,GO:0034654,nucleobase-containing compound biosynthetic process,0.0003464959287927418,True,"""The chemical reactions and pathways resulting in the formation of nucleobases, nucleosides, nucleotides and nucleic acids."" [GOC:mah]",7035,58,39,20972,0.6724137931034483,0.005543710021321962,query_1,"['GO:0006139', 'GO:0009058']",Program_4
GO:BP,GO:0010468,regulation of gene expression,0.0019997527091852865,True,"""Any process that modulates the frequency, rate or extent of gene expression. Gene expression is the process in which a gene's coding sequence is converted into a mature gene product (protein or RNA)."" [GOC:txnOH-2018]",5549,58,33,20972,0.5689655172413793,0.00594701748062714,query_1,"['GO:0010467', 'GO:0010556']",Program_4
GO:BP,GO:0010556,regulation of macromolecule biosynthetic process,0.003068303769546154,True,"""Any process that modulates the rate, frequency or extent of the chemical reactions and pathways resulting in the formation of a macromolecule, any molecule of high relative molecular mass, the structure of which essentially comprises the multiple repetition of units derived, actually or conceptually, from molecules of low relative molecular mass."" [GOC:dph, GOC:tb]",5647,58,33,20972,0.5689655172413793,0.0058438108730299275,query_1,"['GO:0009059', 'GO:0009889', 'GO:0060255']",Program_4
GO:BP,GO:0080090,regulation of primary metabolic process,0.006184692791062817,True,"""Any process that modulates the frequency, rate or extent of the chemical reactions and pathways within a cell or an organism involving those compounds formed as a part of the normal anabolic and catabolic processes. These processes take place in most, if not all, cells of the organism."" [PMID:19211694]",5215,58,31,20972,0.5344827586206896,0.005944391179290508,query_1,"['GO:0019222', 'GO:0044238']",Program_4
GO:BP,GO:0009889,regulation of biosynthetic process,0.0063896112851068105,True,"""Any process that modulates the frequency, rate or extent of the chemical reactions and pathways resulting in the formation of substances."" [GOC:go_curators]",5821,58,33,20972,0.5689655172413793,0.005669129015633052,query_1,"['GO:0009058', 'GO:0019222']",Program_4
GO:BP,GO:0044238,primary metabolic process,0.007525433503506792,True,"""The chemical reactions and pathways involving those compounds which are formed as a part of the normal anabolic and catabolic processes. These processes take place in most, if not all, cells of the organism."" [GOC:go_curators]",12170,58,50,20972,0.8620689655172413,0.004108463434675432,query_1,['GO:0008152'],Program_4
GO:BP,GO:0016070,RNA metabolic process,0.008277219246190218,True,"""The cellular chemical reactions and pathways involving RNA, ribonucleic acid, one of the two main type of nucleic acid, consisting of a long, unbranched macromolecule formed from ribonucleotides joined in 3',5'-phosphodiester linkage."" [ISBN:0198506732]",6834,58,36,20972,0.6206896551724138,0.0052677787532923615,query_1,['GO:0090304'],Program_4
GO:BP,GO:0032774,RNA biosynthetic process,0.012905740731057757,True,"""The chemical reactions and pathways resulting in the formation of RNA, ribonucleic acid, one of the two main type of nucleic acid, consisting of a long, unbranched macromolecule formed from ribonucleotides joined in 3',5'-phosphodiester linkage. Includes polymerization of ribonucleotide monomers. Refers not only to transcription but also to e.g. viral RNA replication."" [GOC:mah, GOC:txnOH]",6627,58,35,20972,0.603448275862069,0.005281424475629999,query_1,"['GO:0016070', 'GO:0141187']",Program_4
GO:BP,GO:0060255,regulation of macromolecule metabolic process,0.017773748002727772,True,"""Any process that modulates the frequency, rate or extent of the chemical reactions and pathways involving macromolecules, any molecule of high relative molecular mass, the structure of which essentially comprises the multiple repetition of units derived, actually or conceptually, from molecules of low relative molecular mass."" [GOC:dph, GOC:tb]",6392,58,34,20972,0.5862068965517241,0.005319148936170213,query_1,"['GO:0019222', 'GO:0043170']",Program_4
GO:BP,GO:0141187,nucleic acid biosynthetic process,0.01930433142224378,True,"""The biosynthetic process resulting in the formation of a nucleic acid."" [GOC:dph, GOC:tb]",6735,58,35,20972,0.603448275862069,0.005196733481811433,query_1,"['GO:0009059', 'GO:0034654', 'GO:0090304']",Program_4
GO:BP,GO:0090304,nucleic acid metabolic process,0.019637475071032362,True,"""Any cellular metabolic process involving nucleic acids."" [GOC:dph, GOC:tb]",7401,58,37,20972,0.6379310344827587,0.0049993244156195105,query_1,"['GO:0006139', 'GO:0043170']",Program_4
GO:BP,GO:0008152,metabolic process,0.02677010964228255,True,"""A cellular process consisting of the biochemical pathways by which a living organism transforms chemical substances. This includes including anabolism (biosynthetic process) and catabolism (catabolic process). Metabolic processes includes the transformation of small molecules, as well  macromolecular processes such as DNA repair and replication, protein synthesis and degradation."" [GOC:go_curators, ISBN:0198547684]",14035,58,53,20972,0.9137931034482759,0.0037762736017100105,query_1,['GO:0009987'],Program_4
GO:BP,GO:0019222,regulation of metabolic process,0.03502193913435492,True,"""Any process that modulates the frequency, rate or extent of the chemical reactions and pathways within a cell or an organism."" [GOC:go_curators]",6900,58,35,20972,0.603448275862069,0.005072463768115942,query_1,"['GO:0008152', 'GO:0050794']",Program_4
WP,WP:WP4880,Host pathogen interaction of human coronaviruses interferon induction,0.041871498310270136,True,Host pathogen interaction of human coronaviruses interferon induction,33,34,3,8899,0.08823529411764706,0.09090909090909091,query_1,['WP:000000'],Program_4
GO:BP,GO:0051254,positive regulation of RNA metabolic process,0.04466843158676315,True,"""Any process that activates or increases the frequency, rate or extent of the chemical reactions and pathways involving RNA."" [GOC:ai]",1804,58,16,20972,0.27586206896551724,0.008869179600886918,query_1,"['GO:0010604', 'GO:0016070', 'GO:0051252']",Program_4
GO:BP,GO:0006357,regulation of transcription by RNA polymerase II,1.6974076633257422e-05,True,"""Any process that modulates the frequency, rate or extent of transcription mediated by RNA polymerase II."" [GOC:go_curators, GOC:txnOH]",2688,86,32,20972,0.37209302325581395,0.011904761904761904,query_1,"['GO:0006355', 'GO:0006366']",Program_5
GO:BP,GO:0006366,transcription by RNA polymerase II,5.796908715263168e-05,True,"""The synthesis of RNA from a DNA template by RNA polymerase II (RNAP II), originating at an RNA polymerase II promoter. Includes transcription of messenger RNA (mRNA) and certain small nuclear RNAs (snRNAs)."" [GOC:jl, GOC:txnOH, ISBN:0321000382]",2827,86,32,20972,0.37209302325581395,0.011319419879731164,query_1,['GO:0006351'],Program_5
GO:BP,GO:0051252,regulation of RNA metabolic process,0.00019254499630129047,True,"""Any process that modulates the frequency, rate or extent of the chemical reactions and pathways involving RNA."" [GOC:ai]",3654,86,36,20972,0.4186046511627907,0.009852216748768473,query_1,"['GO:0016070', 'GO:0019219', 'GO:0060255']",Program_5
GO:BP,GO:0006351,DNA-templated transcription,0.00026421657682383523,True,"""The synthesis of an RNA transcript from a DNA template."" [GOC:jl, GOC:txnOH]",3523,86,35,20972,0.4069767441860465,0.009934714731762702,query_1,"['GO:0010467', 'GO:0032774']",Program_5
GO:BP,GO:0006355,regulation of DNA-templated transcription,0.0003412230553579193,True,"""Any process that modulates the frequency, rate or extent of cellular DNA-templated transcription."" [GOC:go_curators, GOC:txnOH]",3385,86,34,20972,0.3953488372093023,0.010044313146233382,query_1,"['GO:0006351', 'GO:0010468', 'GO:2001141']",Program_5
GO:BP,GO:2001141,regulation of RNA biosynthetic process,0.00037223105881098575,True,"""Any process that modulates the frequency, rate or extent of RNA biosynthetic process."" [GOC:dph]",3397,86,34,20972,0.3953488372093023,0.010008831321754489,query_1,"['GO:0010556', 'GO:0032774', 'GO:0051252']",Program_5
GO:BP,GO:0019219,regulation of nucleobase-containing compound metabolic process,0.001448379402307559,True,"""Any cellular process that modulates the frequency, rate or extent of the chemical reactions and pathways involving nucleobases, nucleosides, nucleotides and nucleic acids."" [GOC:go_curators]",3954,86,36,20972,0.4186046511627907,0.009104704097116844,query_1,"['GO:0006139', 'GO:0080090']",Program_5
GO:BP,GO:0006351,DNA-templated transcription,0.000121818977467614,True,"""The synthesis of an RNA transcript from a DNA template."" [GOC:jl, GOC:txnOH]",3523,77,33,20972,0.42857142857142855,0.009367016747090548,query_1,"['GO:0010467', 'GO:0032774']",Program_6
GO:BP,GO:0019219,regulation of nucleobase-containing compound metabolic process,0.0001593676785485694,True,"""Any cellular process that modulates the frequency, rate or extent of the chemical reactions and pathways involving nucleobases, nucleosides, nucleotides and nucleic acids."" [GOC:go_curators]",3954,77,35,20972,0.45454545454545453,0.008851795649974709,query_1,"['GO:0006139', 'GO:0080090']",Program_6
GO:BP,GO:0006355,regulation of DNA-templated transcription,0.00017607056842921558,True,"""Any process that modulates the frequency, rate or extent of cellular DNA-templated transcription."" [GOC:go_curators, GOC:txnOH]",3385,77,32,20972,0.4155844155844156,0.009453471196454948,query_1,"['GO:0006351', 'GO:0010468', 'GO:2001141']",Program_6
GO:BP,GO:2001141,regulation of RNA biosynthetic process,0.0001915850133135484,True,"""Any process that modulates the frequency, rate or extent of RNA biosynthetic process."" [GOC:dph]",3397,77,32,20972,0.4155844155844156,0.009420076538121873,query_1,"['GO:0010556', 'GO:0032774', 'GO:0051252']",Program_6
GO:BP,GO:0006357,regulation of transcription by RNA polymerase II,0.00022516868151429173,True,"""Any process that modulates the frequency, rate or extent of transcription mediated by RNA polymerase II."" [GOC:go_curators, GOC:txnOH]",2688,77,28,20972,0.36363636363636365,0.010416666666666666,query_1,"['GO:0006355', 'GO:0006366']",Program_6
GO:BP,GO:0051252,regulation of RNA metabolic process,0.000297698381438071,True,"""Any process that modulates the frequency, rate or extent of the chemical reactions and pathways involving RNA."" [GOC:ai]",3654,77,33,20972,0.42857142857142855,0.0090311986863711,query_1,"['GO:0016070', 'GO:0019219', 'GO:0060255']",Program_6
GO:BP,GO:0006366,transcription by RNA polymerase II,0.0006520772958463111,True,"""The synthesis of RNA from a DNA template by RNA polymerase II (RNAP II), originating at an RNA polymerase II promoter. Includes transcription of messenger RNA (mRNA) and certain small nuclear RNAs (snRNAs)."" [GOC:jl, GOC:txnOH, ISBN:0321000382]",2827,77,28,20972,0.36363636363636365,0.009904492394764769,query_1,['GO:0006351'],Program_6
GO:BP,GO:0080090,regulation of primary metabolic process,0.0017792034488451605,True,"""Any process that modulates the frequency, rate or extent of the chemical reactions and pathways within a cell or an organism involving those compounds formed as a part of the normal anabolic and catabolic processes. These processes take place in most, if not all, cells of the organism."" [PMID:19211694]",5215,77,39,20972,0.5064935064935064,0.0074784276126558,query_1,"['GO:0019222', 'GO:0044238']",Program_6
GO:BP,GO:0009889,regulation of biosynthetic process,0.011237928948334615,True,"""Any process that modulates the frequency, rate or extent of the chemical reactions and pathways resulting in the formation of substances."" [GOC:go_curators]",5821,77,40,20972,0.5194805194805194,0.00687167153410067,query_1,"['GO:0009058', 'GO:0019222']",Program_6
WP,WP:WP2018,RANKL RANK signaling,0.012439831930325019,True,RANKL RANK signaling,50,41,4,8899,0.0975609756097561,0.08,query_1,['WP:000000'],Program_6
GO:BP,GO:0044238,primary metabolic process,0.014418833112085973,True,"""The chemical reactions and pathways involving those compounds which are formed as a part of the normal anabolic and catabolic processes. These processes take place in most, if not all, cells of the organism."" [GOC:go_curators]",12170,77,63,20972,0.8181818181818182,0.0051766639276910435,query_1,['GO:0008152'],Program_6
GO:BP,GO:0019222,regulation of metabolic process,0.01888076156882404,True,"""Any process that modulates the frequency, rate or extent of the chemical reactions and pathways within a cell or an organism."" [GOC:go_curators]",6900,77,44,20972,0.5714285714285714,0.006376811594202898,query_1,"['GO:0008152', 'GO:0050794']",Program_6
WP,WP:WP4754,IL18 signaling,0.01944754075270068,True,IL18 signaling,56,41,4,8899,0.0975609756097561,0.07142857142857142,query_1,['WP:000000'],Program_6
GO:BP,GO:0043170,macromolecule metabolic process,0.020257374653382863,True,"""The chemical reactions and pathways involving macromolecules, any molecule of high relative molecular mass, the structure of which essentially comprises the multiple repetition of units derived, actually or conceptually, from molecules of low relative molecular mass."" [GOC:mah]",11942,77,62,20972,0.8051948051948052,0.00519176017417518,query_1,['GO:0008152'],Program_6
GO:BP,GO:0008152,metabolic process,0.025364981314063503,True,"""A cellular process consisting of the biochemical pathways by which a living organism transforms chemical substances. This includes including anabolism (biosynthetic process) and catabolism (catabolic process). Metabolic processes includes the transformation of small molecules, as well  macromolecular processes such as DNA repair and replication, protein synthesis and degradation."" [GOC:go_curators, ISBN:0198547684]",14035,77,68,20972,0.8831168831168831,0.004845030281439259,query_1,['GO:0009987'],Program_6
GO:BP,GO:0010468,regulation of gene expression,0.026608703118159646,True,"""Any process that modulates the frequency, rate or extent of gene expression. Gene expression is the process in which a gene's coding sequence is converted into a mature gene product (protein or RNA)."" [GOC:txnOH-2018]",5549,77,38,20972,0.4935064935064935,0.006848080735267616,query_1,"['GO:0010467', 'GO:0010556']",Program_6
GO:BP,GO:0010556,regulation of macromolecule biosynthetic process,0.04095289161329755,True,"""Any process that modulates the rate, frequency or extent of the chemical reactions and pathways resulting in the formation of a macromolecule, any molecule of high relative molecular mass, the structure of which essentially comprises the multiple repetition of units derived, actually or conceptually, from molecules of low relative molecular mass."" [GOC:dph, GOC:tb]",5647,77,38,20972,0.4935064935064935,0.0067292367628829465,query_1,"['GO:0009059', 'GO:0009889', 'GO:0060255']",Program_6
WP,WP:WP2034,Leptin signaling,0.048945023078776885,True,Leptin signaling,71,41,4,8899,0.0975609756097561,0.056338028169014086,query_1,['WP:000000'],Program_6
GO:BP,GO:0006357,regulation of transcription by RNA polymerase II,3.8220063509712814e-08,True,"""Any process that modulates the frequency, rate or extent of transcription mediated by RNA polymerase II."" [GOC:go_curators, GOC:txnOH]",2688,71,32,20972,0.4507042253521127,0.011904761904761904,query_1,"['GO:0006355', 'GO:0006366']",Program_7
GO:BP,GO:0006351,DNA-templated transcription,8.508870212412825e-08,True,"""The synthesis of an RNA transcript from a DNA template."" [GOC:jl, GOC:txnOH]",3523,71,36,20972,0.5070422535211268,0.01021856372409878,query_1,"['GO:0010467', 'GO:0032774']",Program_7
GO:BP,GO:0006355,regulation of DNA-templated transcription,1.386248009245598e-07,True,"""Any process that modulates the frequency, rate or extent of cellular DNA-templated transcription."" [GOC:go_curators, GOC:txnOH]",3385,71,35,20972,0.49295774647887325,0.0103397341211226,query_1,"['GO:0006351', 'GO:0010468', 'GO:2001141']",Program_7
GO:BP,GO:0006366,transcription by RNA polymerase II,1.4551221987926833e-07,True,"""The synthesis of RNA from a DNA template by RNA polymerase II (RNAP II), originating at an RNA polymerase II promoter. Includes transcription of messenger RNA (mRNA) and certain small nuclear RNAs (snRNAs)."" [GOC:jl, GOC:txnOH, ISBN:0321000382]",2827,71,32,20972,0.4507042253521127,0.011319419879731164,query_1,['GO:0006351'],Program_7
GO:BP,GO:2001141,regulation of RNA biosynthetic process,1.533364610585942e-07,True,"""Any process that modulates the frequency, rate or extent of RNA biosynthetic process."" [GOC:dph]",3397,71,35,20972,0.49295774647887325,0.010303208713570797,query_1,"['GO:0010556', 'GO:0032774', 'GO:0051252']",Program_7
GO:BP,GO:0051252,regulation of RNA metabolic process,2.473553648483475e-07,True,"""Any process that modulates the frequency, rate or extent of the chemical reactions and pathways involving RNA."" [GOC:ai]",3654,71,36,20972,0.5070422535211268,0.009852216748768473,query_1,"['GO:0016070', 'GO:0019219', 'GO:0060255']",Program_7
GO:BP,GO:0019219,regulation of nucleobase-containing compound metabolic process,2.385150626083036e-06,True,"""Any cellular process that modulates the frequency, rate or extent of the chemical reactions and pathways involving nucleobases, nucleosides, nucleotides and nucleic acids."" [GOC:go_curators]",3954,71,36,20972,0.5070422535211268,0.009104704097116844,query_1,"['GO:0006139', 'GO:0080090']",Program_7
GO:BP,GO:0034654,nucleobase-containing compound biosynthetic process,3.0902382028239436e-05,True,"""The chemical reactions and pathways resulting in the formation of nucleobases, nucleosides, nucleotides and nucleic acids."" [GOC:mah]",7035,71,47,20972,0.6619718309859155,0.0066808813077469794,query_1,"['GO:0006139', 'GO:0009058']",Program_7
GO:BP,GO:0006139,nucleobase-containing compound metabolic process,4.7715892171840643e-05,True,"""Any cellular metabolic process involving nucleobases, nucleosides, nucleotides and nucleic acids."" [GOC:ai]",7964,71,50,20972,0.704225352112676,0.006278252134605726,query_1,['GO:0044238'],Program_7
GO:BP,GO:0080090,regulation of primary metabolic process,0.0003523282895754637,True,"""Any process that modulates the frequency, rate or extent of the chemical reactions and pathways within a cell or an organism involving those compounds formed as a part of the normal anabolic and catabolic processes. These processes take place in most, if not all, cells of the organism."" [PMID:19211694]",5215,71,38,20972,0.5352112676056338,0.007286673058485139,query_1,"['GO:0019222', 'GO:0044238']",Program_7
GO:BP,GO:0010468,regulation of gene expression,0.0005668666315449454,True,"""Any process that modulates the frequency, rate or extent of gene expression. Gene expression is the process in which a gene's coding sequence is converted into a mature gene product (protein or RNA)."" [GOC:txnOH-2018]",5549,71,39,20972,0.5492957746478874,0.0070282933861957105,query_1,"['GO:0010467', 'GO:0010556']",Program_7
GO:BP,GO:0016070,RNA metabolic process,0.0005811061063140539,True,"""The cellular chemical reactions and pathways involving RNA, ribonucleic acid, one of the two main type of nucleic acid, consisting of a long, unbranched macromolecule formed from ribonucleotides joined in 3',5'-phosphodiester linkage."" [ISBN:0198506732]",6834,71,44,20972,0.6197183098591549,0.006438396254023998,query_1,['GO:0090304'],Program_7
GO:BP,GO:0032774,RNA biosynthetic process,0.0007607134838716922,True,"""The chemical reactions and pathways resulting in the formation of RNA, ribonucleic acid, one of the two main type of nucleic acid, consisting of a long, unbranched macromolecule formed from ribonucleotides joined in 3',5'-phosphodiester linkage. Includes polymerization of ribonucleotide monomers. Refers not only to transcription but also to e.g. viral RNA replication."" [GOC:mah, GOC:txnOH]",6627,71,43,20972,0.6056338028169014,0.0064886072129168556,query_1,"['GO:0016070', 'GO:0141187']",Program_7
GO:BP,GO:0010556,regulation of macromolecule biosynthetic process,0.0009254507168246593,True,"""Any process that modulates the rate, frequency or extent of the chemical reactions and pathways resulting in the formation of a macromolecule, any molecule of high relative molecular mass, the structure of which essentially comprises the multiple repetition of units derived, actually or conceptually, from molecules of low relative molecular mass."" [GOC:dph, GOC:tb]",5647,71,39,20972,0.5492957746478874,0.0069063219408535504,query_1,"['GO:0009059', 'GO:0009889', 'GO:0060255']",Program_7
GO:BP,GO:0141187,nucleic acid biosynthetic process,0.0012478748353208179,True,"""The biosynthetic process resulting in the formation of a nucleic acid."" [GOC:dph, GOC:tb]",6735,71,43,20972,0.6056338028169014,0.006384558277654046,query_1,"['GO:0009059', 'GO:0034654', 'GO:0090304']",Program_7
GO:BP,GO:0009889,regulation of biosynthetic process,0.0021407382245914298,True,"""Any process that modulates the frequency, rate or extent of the chemical reactions and pathways resulting in the formation of substances."" [GOC:go_curators]",5821,71,39,20972,0.5492957746478874,0.006699879745748153,query_1,"['GO:0009058', 'GO:0019222']",Program_7
GO:BP,GO:0090304,nucleic acid metabolic process,0.0021634432282364342,True,"""Any cellular metabolic process involving nucleic acids."" [GOC:dph, GOC:tb]",7401,71,45,20972,0.6338028169014085,0.006080259424402107,query_1,"['GO:0006139', 'GO:0043170']",Program_7
GO:BP,GO:0060255,regulation of macromolecule metabolic process,0.0028264298099735133,True,"""Any process that modulates the frequency, rate or extent of the chemical reactions and pathways involving macromolecules, any molecule of high relative molecular mass, the structure of which essentially comprises the multiple repetition of units derived, actually or conceptually, from molecules of low relative molecular mass."" [GOC:dph, GOC:tb]",6392,71,41,20972,0.5774647887323944,0.006414267834793492,query_1,"['GO:0019222', 'GO:0043170']",Program_7
GO:BP,GO:0009058,biosynthetic process,0.005357770357945058,True,"""A cellular process consisting of the biochemical pathways by which a living organism synthesizes chemical substances. This typically represents the energy-requiring part of metabolism in which simpler substances are transformed into more complex ones."" [GOC:curators, ISBN:0198547684]",10639,71,55,20972,0.7746478873239436,0.005169658802519034,query_1,['GO:0008152'],Program_7
GO:BP,GO:0019222,regulation of metabolic process,0.008084250471097027,True,"""Any process that modulates the frequency, rate or extent of the chemical reactions and pathways within a cell or an organism."" [GOC:go_curators]",6900,71,42,20972,0.5915492957746479,0.00608695652173913,query_1,"['GO:0008152', 'GO:0050794']",Program_7
GO:BP,GO:0044238,primary metabolic process,0.009580016072901642,True,"""The chemical reactions and pathways involving those compounds which are formed as a part of the normal anabolic and catabolic processes. These processes take place in most, if not all, cells of the organism."" [GOC:go_curators]",12170,71,59,20972,0.8309859154929577,0.004847986852917009,query_1,['GO:0008152'],Program_7
GO:BP,GO:0008152,metabolic process,0.03352644046988666,True,"""A cellular process consisting of the biochemical pathways by which a living organism transforms chemical substances. This includes including anabolism (biosynthetic process) and catabolism (catabolic process). Metabolic processes includes the transformation of small molecules, as well  macromolecular processes such as DNA repair and replication, protein synthesis and degradation."" [GOC:go_curators, ISBN:0198547684]",14035,71,63,20972,0.8873239436619719,0.004488778054862843,query_1,['GO:0009987'],Program_7
GO:BP,GO:0051254,positive regulation of RNA metabolic process,0.03781942497983905,True,"""Any process that activates or increases the frequency, rate or extent of the chemical reactions and pathways involving RNA."" [GOC:ai]",1804,71,18,20972,0.2535211267605634,0.009977827050997782,query_1,"['GO:0010604', 'GO:0016070', 'GO:0051252']",Program_7
GO:BP,GO:0009059,macromolecule biosynthetic process,0.03826649459776887,True,"""The chemical reactions and pathways resulting in the formation of a macromolecule, any molecule of high relative molecular mass, the structure of which essentially comprises the multiple repetition of units derived, actually or conceptually, from molecules of low relative molecular mass."" [GOC:mah]",9605,71,50,20972,0.704225352112676,0.0052056220718375845,query_1,"['GO:0009058', 'GO:0043170']",Program_7
GO:BP,GO:0043170,macromolecule metabolic process,0.048749760173698,True,"""The chemical reactions and pathways involving macromolecules, any molecule of high relative molecular mass, the structure of which essentially comprises the multiple repetition of units derived, actually or conceptually, from molecules of low relative molecular mass."" [GOC:mah]",11942,71,57,20972,0.8028169014084507,0.004773069837548149,query_1,['GO:0008152'],Program_7
GO:BP,GO:0006357,regulation of transcription by RNA polymerase II,1.1166810820569863e-06,True,"""Any process that modulates the frequency, rate or extent of transcription mediated by RNA polymerase II."" [GOC:go_curators, GOC:txnOH]",2688,71,30,20972,0.4225352112676056,0.011160714285714286,query_1,"['GO:0006355', 'GO:0006366']",Program_8
GO:BP,GO:0019219,regulation of nucleobase-containing compound metabolic process,2.385150626083036e-06,True,"""Any cellular process that modulates the frequency, rate or extent of the chemical reactions and pathways involving nucleobases, nucleosides, nucleotides and nucleic acids."" [GOC:go_curators]",3954,71,36,20972,0.5070422535211268,0.009104704097116844,query_1,"['GO:0006139', 'GO:0080090']",Program_8
GO:BP,GO:0006366,transcription by RNA polymerase II,3.7877105449731183e-06,True,"""The synthesis of RNA from a DNA template by RNA polymerase II (RNAP II), originating at an RNA polymerase II promoter. Includes transcription of messenger RNA (mRNA) and certain small nuclear RNAs (snRNAs)."" [GOC:jl, GOC:txnOH, ISBN:0321000382]",2827,71,30,20972,0.4225352112676056,0.010611956137247965,query_1,['GO:0006351'],Program_8
GO:BP,GO:0051252,regulation of RNA metabolic process,5.4896460460097175e-06,True,"""Any process that modulates the frequency, rate or extent of the chemical reactions and pathways involving RNA."" [GOC:ai]",3654,71,34,20972,0.4788732394366197,0.009304871373836891,query_1,"['GO:0016070', 'GO:0019219', 'GO:0060255']",Program_8
GO:BP,GO:0006351,DNA-templated transcription,9.338423846822986e-06,True,"""The synthesis of an RNA transcript from a DNA template."" [GOC:jl, GOC:txnOH]",3523,71,33,20972,0.4647887323943662,0.009367016747090548,query_1,"['GO:0010467', 'GO:0032774']",Program_8
GO:BP,GO:0006355,regulation of DNA-templated transcription,1.4869381078096863e-05,True,"""Any process that modulates the frequency, rate or extent of cellular DNA-templated transcription."" [GOC:go_curators, GOC:txnOH]",3385,71,32,20972,0.4507042253521127,0.009453471196454948,query_1,"['GO:0006351', 'GO:0010468', 'GO:2001141']",Program_8
GO:BP,GO:2001141,regulation of RNA biosynthetic process,1.624224243221832e-05,True,"""Any process that modulates the frequency, rate or extent of RNA biosynthetic process."" [GOC:dph]",3397,71,32,20972,0.4507042253521127,0.009420076538121873,query_1,"['GO:0010556', 'GO:0032774', 'GO:0051252']",Program_8
GO:BP,GO:0080090,regulation of primary metabolic process,0.0003523282895754637,True,"""Any process that modulates the frequency, rate or extent of the chemical reactions and pathways within a cell or an organism involving those compounds formed as a part of the normal anabolic and catabolic processes. These processes take place in most, if not all, cells of the organism."" [PMID:19211694]",5215,71,38,20972,0.5352112676056338,0.007286673058485139,query_1,"['GO:0019222', 'GO:0044238']",Program_8
GO:BP,GO:0010468,regulation of gene expression,0.0019130468439866417,True,"""Any process that modulates the frequency, rate or extent of gene expression. Gene expression is the process in which a gene's coding sequence is converted into a mature gene product (protein or RNA)."" [GOC:txnOH-2018]",5549,71,38,20972,0.5352112676056338,0.006848080735267616,query_1,"['GO:0010467', 'GO:0010556']",Program_8
GO:BP,GO:0060255,regulation of macromolecule metabolic process,0.0028264298099735133,True,"""Any process that modulates the frequency, rate or extent of the chemical reactions and pathways involving macromolecules, any molecule of high relative molecular mass, the structure of which essentially comprises the multiple repetition of units derived, actually or conceptually, from molecules of low relative molecular mass."" [GOC:dph, GOC:tb]",6392,71,41,20972,0.5774647887323944,0.006414267834793492,query_1,"['GO:0019222', 'GO:0043170']",Program_8
GO:BP,GO:0010556,regulation of macromolecule biosynthetic process,0.0030512738378431514,True,"""Any process that modulates the rate, frequency or extent of the chemical reactions and pathways resulting in the formation of a macromolecule, any molecule of high relative molecular mass, the structure of which essentially comprises the multiple repetition of units derived, actually or conceptually, from molecules of low relative molecular mass."" [GOC:dph, GOC:tb]",5647,71,38,20972,0.5352112676056338,0.0067292367628829465,query_1,"['GO:0009059', 'GO:0009889', 'GO:0060255']",Program_8
GO:BP,GO:0009889,regulation of biosynthetic process,0.006776893543235429,True,"""Any process that modulates the frequency, rate or extent of the chemical reactions and pathways resulting in the formation of substances."" [GOC:go_curators]",5821,71,38,20972,0.5352112676056338,0.006528087957395637,query_1,"['GO:0009058', 'GO:0019222']",Program_8
GO:BP,GO:0006139,nucleobase-containing compound metabolic process,0.006933436641923264,True,"""Any cellular metabolic process involving nucleobases, nucleosides, nucleotides and nucleic acids."" [GOC:ai]",7964,71,46,20972,0.647887323943662,0.005775991963837268,query_1,['GO:0044238'],Program_8
GO:BP,GO:0019222,regulation of metabolic process,0.008084250471097027,True,"""Any process that modulates the frequency, rate or extent of the chemical reactions and pathways within a cell or an organism."" [GOC:go_curators]",6900,71,42,20972,0.5915492957746479,0.00608695652173913,query_1,"['GO:0008152', 'GO:0050794']",Program_8
WP,WP:WP2018,RANKL RANK signaling,0.008919806183128508,True,RANKL RANK signaling,50,38,4,8899,0.10526315789473684,0.08,query_1,['WP:000000'],Program_8
GO:BP,GO:0044238,primary metabolic process,0.009580016072901642,True,"""The chemical reactions and pathways involving those compounds which are formed as a part of the normal anabolic and catabolic processes. These processes take place in most, if not all, cells of the organism."" [GOC:go_curators]",12170,71,59,20972,0.8309859154929577,0.004847986852917009,query_1,['GO:0008152'],Program_8
WP,WP:WP4754,IL18 signaling,0.01396704881280202,True,IL18 signaling,56,38,4,8899,0.10526315789473684,0.07142857142857142,query_1,['WP:000000'],Program_8
GO:BP,GO:0034654,nucleobase-containing compound biosynthetic process,0.014011238987294098,True,"""The chemical reactions and pathways resulting in the formation of nucleobases, nucleosides, nucleotides and nucleic acids."" [GOC:mah]",7035,71,42,20972,0.5915492957746479,0.005970149253731343,query_1,"['GO:0006139', 'GO:0009058']",Program_8
GO:BP,GO:0043170,macromolecule metabolic process,0.014946556604870652,True,"""The chemical reactions and pathways involving macromolecules, any molecule of high relative molecular mass, the structure of which essentially comprises the multiple repetition of units derived, actually or conceptually, from molecules of low relative molecular mass."" [GOC:mah]",11942,71,58,20972,0.8169014084507042,0.004856807904873556,query_1,['GO:0008152'],Program_8
GO:BP,GO:0090304,nucleic acid metabolic process,0.020263940123552985,True,"""Any cellular metabolic process involving nucleic acids."" [GOC:dph, GOC:tb]",7401,71,43,20972,0.6056338028169014,0.005810025672206459,query_1,"['GO:0006139', 'GO:0043170']",Program_8
WP,WP:WP5158,Urotensin II mediated signaling,0.03159426792041926,True,Urotensin II mediated signaling,69,38,4,8899,0.10526315789473684,0.057971014492753624,query_1,['WP:000000'],Program_8
GO:BP,GO:0141187,nucleic acid biosynthetic process,0.035443523687445654,True,"""The biosynthetic process resulting in the formation of a nucleic acid."" [GOC:dph, GOC:tb]",6735,71,40,20972,0.5633802816901409,0.005939123979213066,query_1,"['GO:0009059', 'GO:0034654', 'GO:0090304']",Program_8
