,Program_1,Program_2,Program_3,Program_4,Program_5,Program_6,Program_7,Program_8
AR(+),1.7689111104885664,0.07967231393918477,0.12151404494023742,0.07050811891529987,0.016530398744757535,0.9525839169825235,0.11432530480810994,0.07270742466614098
ARID3A(+),0.504897571080394,0.02291202289216089,0.04001760030625698,0.01704565605132445,0.013575526307523008,0.22254276575424933,0.03749801306799493,0.03001399112289018
ATF3(+),0.20986184669069266,0.01028622507121269,0.030969114278060667,0.004464486909596127,0.006416754806482808,0.12713201546194988,0.020064181856069806,0.01494200425620652
BACH2(+),0.018268965363405484,0.018872064679074853,0.00577900673627787,0.004743009964055923,0.00016270331771790113,0.06086730090258209,0.004293792435053726,0.011316093782039276
BCL11A(+),0.024210097574905772,0.009275772826698241,0.0012194773777393516,0.0027859712740819277,0.0,0.08044917429170063,0.02119166187434366,0.008418008336757923
BCL6(+),0.6979120604954973,0.033931887300069484,0.054986554365150146,0.024390361150958006,0.01566059789141394,0.3169560424231367,0.04229382178663948,0.042753093521908724
BHLHE40(+),0.8719890814771316,0.013781081880245847,0.016051909475009778,0.025051041613106367,0.0034468539172857896,0.18556040604974777,0.02532326527957372,0.032349973121843616
BHLHE41(+),0.42872645404707677,0.017485270122910134,0.0407056177714141,0.025114276778754073,0.008953328635586068,0.22261640922134435,0.029912703442732513,0.02213548454812739
CEBPB(+),0.38644274605690854,0.021995251840217833,0.042208898578672195,0.016269154130817517,0.02312997457393446,0.22003348465187128,0.033018880781588135,0.020751523752940742
CEBPG(+),1.1140272668668196,0.029536700926748486,0.058567306428457505,0.025359310867017634,0.011312685037189931,0.3681277428590656,0.047262491285988376,0.04813689793650391
CREB3(+),0.011000280613238657,0.0036778527356425192,0.0,0.0013504226051016214,0.0,0.04584519544114231,0.0,0.0055747274067891985
CREB5(+),0.03680836414542134,0.008369166039530595,0.007755063678154847,0.007271285375105911,0.029154018242655837,0.07865655260246064,0.008086615179417873,0.0025015328640763234
CREM(+),0.0107407537012405,0.009292751731174472,0.0,0.010644941823458199,0.0,0.053565477572416094,0.004954916995281704,0.0042778121174338974
CTCF(+),0.7634950506093587,0.0,0.019385787781080424,0.0054444808120762125,0.0,0.0348414466924046,0.0010562081259130997,0.009821952797880437
DBP(+),0.7470226738295589,0.06661820137993647,0.05716048069472403,0.03162871573056504,0.02714598300600405,0.3768664341292132,0.04106012101563889,0.043067866573441714
DMBX1(+),0.5420803406180895,0.023632976736301752,0.04674631681710429,0.015563230030283653,0.010813356768787788,0.30880536468057307,0.03909346605433959,0.035006049868771184
E2F1(+),0.4354995000906296,0.015552017321648317,0.018822740092243176,0.01169798012456995,0.014248632751220767,0.19031341147795638,0.02706133220694086,0.028257908612629914
E2F2(+),0.5501434945387828,0.024085256646586607,0.030559177152604564,0.0189457187810912,0.0031805238489269645,0.24596465721937574,0.04185328802879145,0.03371156724218315
E2F4(+),0.4215545838046488,0.01735299637660214,0.041776748855419286,0.009443321580891775,0.0027629677732740198,0.09335853938440136,0.013194577837795915,0.013316157291362365
E2F6(+),0.008603499974094219,0.003323534215446773,0.02278763238218873,0.0,0.0006996460497164041,0.16823810795373623,0.03974651876897066,0.019828005380362623
EGR1(+),0.36247692794486863,0.007508212585883373,0.037908922685167934,0.005035918421683626,0.015175313286826456,0.12188582161193529,0.017267001538427706,0.017665742317505832
ELF3(+),0.0754624951441845,0.0018792520899296832,0.023230470748720276,5.842048895332046e-05,0.004449784593220487,0.07412328184481883,0.007743506680344099,0.008438899758996359
ELF4(+),0.011167565018326536,0.0,0.006213832632398317,0.0024197973285264044,0.0015951245507994719,0.04647815573715184,0.0,0.006681511142516522
ELK1(+),0.019916710995167997,0.0007147923405864039,0.005552034597477408,0.014693563582376662,0.0066138046217414535,0.04933031963790669,0.00399101908180951,0.0017302904835408053
EN2(+),0.18253216225504965,0.006068210209837989,0.02258475367864984,0.01610185859362479,0.005031349452002013,0.16515829337628107,0.013476398962408829,0.009047461778680642
ERF(+),0.35656051075551926,0.010426918362817988,0.025243503948319982,0.011241175863182415,0.0010494529176867213,0.13971669465472847,0.02039447426789924,0.018947658048961813
ETS2(+),0.67261685394796,0.03335927308332959,0.05451884199550839,0.02468524862329175,0.010336919784447373,0.31890015203629263,0.04342309018990802,0.038894647457756
ETV3(+),0.37448367297907753,0.010023231175835581,0.016610462428328664,0.007808126307662617,0.004334740830451503,0.13026275389874778,0.019838788321020005,0.042303384209500916
ETV4(+),0.5354810436434845,0.028561685367471897,0.047334687552606856,0.018515691639637653,0.01454644891436823,0.2507515169701584,0.03068881510274626,0.03685664119991362
ETV7(+),0.47159857425886664,0.036507312068443,0.06386010922100364,0.018430978711229614,0.01800840849635961,0.3170737310069942,0.04496690461404738,0.036905124304589323
FLI1(+),0.22414145955307066,0.01160636843218983,0.028446376103154144,0.0075985212318635895,0.005782466209103743,0.13345823912534188,0.018465367780384087,0.01678840575618561
FOS(+),1.1805954414190805,0.039810310249524736,0.07860510811227596,0.04210451043483197,0.009207933476238042,0.4425568621350743,0.06216685259145991,0.05749774309154517
FOSB(+),0.2184418775804466,0.017967365056291356,0.014410198790674589,0.007787439492554253,0.0027480614407706496,0.09139714207511919,0.012853001658745476,0.016504600374418678
FOXA2(+),0.5777422158638491,0.01963799160565891,0.03689227240925465,0.015163668414122426,0.003910660562369543,0.22522637178709046,0.03333218213229575,0.03759312328246512
FOXC1(+),0.651915890719692,0.035772535336766546,0.073508453466066,0.023587978386790158,0.019060821887112292,0.38194963534909165,0.042610880150991896,0.0391005680113482
FOXK1(+),2.96508508200606,0.07360642795256836,0.13765339646267932,0.06963135961463665,0.0009694252701740683,0.7653714881643544,0.09962006415570614,0.1210793769260351
FOXO1(+),0.8877413539024309,0.035676795292116766,0.05325283358307128,0.02228657856451914,0.012372558939591822,0.32106722802906024,0.04388868853452661,0.04395342218240484
FOXO6(+),0.041216205147283164,0.007865878796060854,0.040901785692699304,0.003118206740534645,0.011252361523379873,0.09762993168891589,0.011491744424940093,0.006341662000533904
GABPA(+),0.01445655776881857,0.0006440055670132869,0.010931628547217164,0.007411186679851002,0.013403789419798393,0.05743998223817756,0.00039578306397188565,0.005838805227170582
GATA2(+),0.46590800693525,0.017667174143808445,0.03601459818167284,0.019061722837544988,0.009984791729107035,0.1947706152934201,0.030132263506085274,0.056663647563881654
GATA3(+),0.4717406797587694,0.023976752194319374,0.044711357135467415,0.026390317260531464,0.012374798869613747,0.27193153614298793,0.03242862021175417,0.026171054212926852
GATA6(+),0.018379961414078085,0.0,0.02510674357276135,0.01066362160745158,0.005242130888157451,0.06363848067481495,0.007054228722506314,0.020153954734339116
GMEB2(+),0.0,0.0,0.03471157629977635,0.022828486330044168,0.006029538696025325,0.11169323202049675,0.0,0.04411168634546342
HDX(+),0.5140686106684886,0.02708890857999411,0.033388992977833924,0.017311565841686357,0.012665024582314962,0.2309519861673808,0.035300918392148294,0.033275450432978644
HES1(+),0.016725413488052267,0.0015635010495353122,0.013040422851437606,0.0,0.0,0.036017315558019306,0.02547444699461937,0.0
HES2(+),0.39207120905875253,0.017805825033821575,0.04825688958392481,0.010443845123913945,0.007483667915473987,0.25537766105594467,0.043102180854531026,0.02501676794964619
HOXA13(+),0.4224430330102056,0.018568451294792444,0.05329481183284502,0.008710909047853169,0.019333285930905154,0.29452638728770664,0.02951675393176954,0.019921280128396845
HOXA3(+),0.016618627243777672,0.0056522349159124725,0.0021816302369553494,0.00367697066586439,0.002184017998116892,0.0639135492698022,0.005584706422621602,0.006866502122945951
HOXB3(+),0.12130575732105336,0.005500582757421441,0.010403271309849095,0.014859562086357133,0.00321512844450697,0.08005192009189456,0.0072756545153798095,0.0020016392672481107
HOXB6(+),0.4392479807097546,0.018146027174196645,0.032599406013070195,0.014235514366637532,0.0,0.23854159249893592,0.03601870675740693,0.031280115866418386
HOXC10(+),1.2042817157318486,0.05786676675788375,0.11272026400944772,0.04278134998610351,0.028770429019387703,0.5722205721211302,0.07981951837969072,0.07142894191704267
HOXC4(+),1.2458581910569202,0.0544073690134852,0.10389576378533112,0.032619285579304054,0.025481989621252237,0.5281899845282517,0.07972298484868048,0.06589222579942583
HOXC6(+),0.0,0.0,0.0,0.0,0.0,0.0,2.1675046447368165,0.0
HOXD3(+),0.19117313774936387,0.005394915435562184,0.013162066662374407,0.003107053445307526,0.0,0.09119643538828826,0.012872201128667266,0.009709086121580205
HSF1(+),1.8175643103391117,0.06596477297419019,0.15887837616362577,0.0623915901001455,0.037066256734953354,1.0372856492642115,0.09931398594944255,0.0783063438868725
IKZF2(+),0.019208858111812877,0.014084921965154094,0.023945231349129452,0.018012516389471656,0.008706612882575768,0.1111664962663213,0.019253985239392094,0.004574251415681078
IKZF5(+),0.0,0.0,0.0,2.0888241521422413,0.0,0.0,0.0,0.0
IRF1(+),0.10305454341876555,0.0,0.0,0.0,4.2638310201194064e-05,0.03138266859824752,0.0007782261179853968,0.0
IRF2(+),0.016821793377745684,0.003577705428974237,0.018060230152781583,0.005145717900678587,0.0,0.04397248210988835,0.010000350882887074,0.005434623309270319
IRF3(+),0.038096510687158025,0.0009629780069865146,0.0,0.0,0.007875223733555203,0.015090285574940018,0.0,0.021874457710342875
IRF7(+),0.1949051070946813,0.014098680965454954,0.02214043547156777,0.007832837813966749,0.0062144234491557536,0.16184846322027693,0.021985365885407636,0.01128291766028405
IRF9(+),0.4342579762765688,0.017527088183208948,0.05060973812963472,0.018694709412728935,0.010576891825545465,0.23334622815198106,0.031875067694878925,0.03301313321733515
IRX4(+),0.34772625246396033,0.017839011906413623,0.03245414003979683,0.016612572420595856,0.015671632092910386,0.2814807743457454,0.031343783364027905,0.030583145627310765
ISL1(+),0.03135312528090533,0.004825880534041496,0.012526974236134695,0.0056630864633406474,0.005533924989616726,0.08453451499077738,0.01469278937028038,0.01334999144616562
JUNB(+),0.05205691883059268,0.01100535791159033,0.019816584803814423,0.002976357371159259,0.0036124730142296888,0.16315596593051282,0.028114024661962007,0.011101912591532247
JUND(+),0.04789163249693794,0.016427490218835782,0.034012395102320916,0.007134002798948635,0.006747445335317781,0.12154895743041116,0.019729489931443085,0.010102708636865179
KLF3(+),1.1469172455518164,0.022501572051725684,0.03883835044126304,0.053949247454962754,0.0,0.13904701860022164,0.013488341773122902,0.030758901046333085
KLF4(+),0.015393622927900655,0.008815060930251665,0.004845755949572,0.001024680479566497,0.008053506656583711,0.051086211594426875,0.008155588547760212,0.0
KMT2B(+),0.013920509999333737,0.0,0.02429910331871195,0.0,0.0,0.05018465166111505,0.010392038022233804,0.0062209222624608216
LHX6(+),0.3984634584479529,0.01771599560311539,0.039819851313602606,0.027925553240252032,0.012261546423424188,0.25035873662280844,0.03740700446452371,0.03229102057389267
LHX9(+),0.05356266520236795,0.013414727467483914,0.02423526181659227,0.009376324246186871,0.0128527786549693,0.16819476586827428,0.009272066426013833,0.010718443667375344
MAFF(+),0.31210872472979273,0.006105044008138444,0.0005660863172162928,0.01952163463485567,0.0,0.05437814811213126,0.0069720214920634665,0.013334910672624713
MAFG(+),0.004316995332420271,0.01228675190328909,0.0,0.024642509204601242,0.02187124054758253,0.2364325032969205,0.01179775561368376,0.03152621630403735
MEF2B(+),0.833016011018857,0.021928522663344847,0.04329927634568179,0.026374057020943188,0.007517048323050527,0.2471688567153557,0.03520478225565684,0.03795940594999872
MEF2C(+),0.008555878246210468,0.0,0.0,0.0,0.0,0.05994495718655669,0.00026550464478707905,0.0
MEIS1(+),0.5072495252989325,0.02606112387317163,0.0375863747703448,0.019918408752715368,0.01743876774616983,0.24320150896574086,0.0302857379859086,0.02886315592973459
MITF(+),0.011804513801220598,0.0,0.0022754024313420703,0.0017196767875172114,0.0026730184786778496,0.05184656657880221,0.021144369428473316,0.0034710371729362336
MNT(+),0.40533663879457565,0.0,0.010812550428176998,0.009766205600001252,0.0007039577048948369,0.06858924665930356,0.004735485027912052,0.013090255868650664
MNX1(+),0.04715604265806133,0.016354249209509793,0.020137201735780593,0.022121976805403235,0.005970186525172894,0.16673690460402094,0.01245536333182788,0.021026095068655597
MTF1(+),0.0,0.0,0.0,0.0,0.0,0.24620171386220555,0.0,0.0
MXD4(+),1.1161705631240744,0.049056786923128266,0.08220620410902785,0.035285206095006086,0.02137279832995445,0.5041667642439798,0.06569843832762497,0.05347074194260526
MXI1(+),0.011180094506403193,0.0,0.005124270140010246,0.02538970719207407,0.00021534468050743183,0.05471910590527018,0.024380828463310796,0.0
MYB(+),0.5352606769649456,0.032991941908036206,0.08543741167617404,0.016341797643909153,0.005016627191950118,0.36637251771436524,0.04494038799357121,0.03917581860435803
MYC(+),0.015967664253936985,0.0031716552658415153,0.0017623548233977149,0.009301488845872233,0.0,0.06855087471201915,0.011281101748839392,0.0
MZF1(+),0.7096366620267834,0.023950882896803808,0.048059715693089367,0.010212488199787146,0.013273755556924853,0.25776749713709823,0.14536031210963168,0.037419907174731364
NFATC2(+),0.017921262873771632,0.0010353898737135105,0.007726956757941352,0.000514665188338291,0.007216157465387139,0.048780947423005344,0.006391910937465376,0.006240109444291474
NFATC3(+),0.011598511175308333,0.0,0.013701182513411026,0.007555365344572933,0.00255167323203034,0.06495578045374847,0.0014369337107688386,0.020226843420088996
NFIL3(+),0.013904782958570191,0.010207932039832047,0.021188037162585185,0.0029105406677551585,0.001480384165594729,0.0846810680812374,0.020736875699194135,0.0
NKX3-1(+),0.561257179713333,0.02265195621327244,0.04170911950382436,0.02713575408591587,0.02085732916350454,0.2793294195216526,0.043771216171359456,0.03714689493058112
NR1H3(+),0.010100499936726832,0.0,0.005695475784346797,0.0,0.009344419747123436,0.09630412125878088,0.0,0.016270413139867226
NR2F1(+),0.052090234369945566,0.014249718750338205,0.013323419586751973,0.010400289264600055,0.015110543532614965,0.12731770589083233,0.01135951469373342,0.0049391722740195374
NR2F6(+),0.43564749710752704,0.018892113589587187,0.04231868596014971,0.03669883081791808,0.01807957689037668,0.21744960377030167,0.03322675238649969,0.02906733101531462
NRL(+),0.06954199498291788,0.014650435276844502,0.026093847147437055,0.011011296197265872,0.01436380643805462,0.13493494820954802,0.012807895291919384,0.0045237228060656335
ONECUT2(+),0.33566064500844905,0.01659539725211499,0.03340054148718103,0.016677570728399316,0.00510407963174372,0.15195900584653202,0.01913933757827124,0.01840986947625836
OSR1(+),0.00019097277415939254,0.0,0.009717788258390845,0.00821948137994658,0.43015870258444566,0.06375959766730131,0.014630385328678426,0.0007693323694065192
OTX1(+),0.0,0.0,0.0,0.0,0.021104251780204475,0.3109621443219121,0.0,0.0007876140467884759
OVOL2(+),0.604351921329271,0.028574486786169133,0.04297739864903981,0.0210762136578625,0.016716401882298414,0.29087272238081474,0.0456113008070782,0.05509230183448371
PAX3(+),0.06514970803898962,0.0021228337112280593,0.011104413270746743,0.0,0.0,0.03207328307434274,0.004707417342397678,0.013660995087536432
PAX5(+),0.4609649994406916,0.030747069463864924,0.05764287711287363,0.017299181776762946,0.008243548958552156,0.30457238539778636,0.04078922554166762,0.02228283532738194
PAX9(+),0.3577197822965369,0.006220003499598129,0.022146998730711808,0.012517050336679639,0.005847733957485137,0.12029745750528885,0.00688007114525715,0.01098344389829993
PBX4(+),1.6998192886171855,0.039161620121372066,0.09907784007118309,0.041846036883857234,0.0032109202059129116,0.4937029099268491,0.06425471480932882,0.07201100123239217
PITX1(+),0.03255714620497403,0.0004883127616279686,0.013085881950210463,0.006826230546273959,0.004578881823733416,0.09308715021058503,0.004827258520432938,0.00028377500345357743
PITX2(+),0.0075473867538860375,0.03767949191974039,0.0,0.02860128384979282,0.0212726978538464,0.21795213040894476,0.02356226538897728,0.0
PKNOX1(+),0.0016718221166988252,0.00014626220264117863,0.0,0.005130364671505516,0.0,0.09386158318368817,0.007123782039330812,0.007974716326296932
PLAGL2(+),0.015650041794463502,0.0,0.0,0.0,0.008863431207232932,0.08123485232251981,0.0,0.0
POU5F1(+),0.6404457345942864,0.024363961157056347,0.05681800621634763,0.01918667030056509,0.007588717794793742,0.2916751779292095,0.029211188427052632,0.03632369405252147
PRDM1(+),0.40657078275594344,0.018154482054861885,0.04739117838970681,0.020971887501426263,0.005457366892354399,0.25023096939424766,0.04423609552303424,0.03242358426502225
PRDM16(+),0.6199395446590932,0.04319378279674405,0.04549852929503488,0.023874451432437712,0.007219943326057155,0.2739902582838928,0.03513517753522296,0.03409701049496017
PRDM4(+),1.3032350142340752,0.04883030961819977,0.08757090058211274,0.034840765168817546,0.018937911211218576,0.5335074047892653,0.08043719946354323,0.06491867382802861
PURA(+),0.02279052790786255,0.005943996517798393,0.0007288835954249108,0.00897200970344877,0.0013536028106312936,0.06932784604104884,0.013732363005615814,0.0
RARA(+),0.9988733157030948,0.012291786539471404,0.03159949554335133,0.011500632304231023,0.0,0.22007732353904882,0.02523863860457991,0.030059269369295694
RARB(+),0.39135358141153925,0.0177395832187987,0.037830061614586845,0.013031310828078492,0.013770338043552464,0.2231959261568274,0.030042608895838742,0.027789239947019175
RARG(+),0.07397651081774444,0.007144212693101563,0.0017844624160280164,0.00735159174711711,0.005982588634074408,0.03651678378679058,0.0006667432747163552,0.015668530388996942
RFX2(+),0.009018942779886605,0.0,0.0018056112013148228,0.009178949349600835,0.004531389087877273,0.04201547486110303,0.005177008959257093,0.002096170552562251
RFX5(+),0.18998716379129368,0.011335759019007725,0.013437576394136405,0.005254068259228859,0.005264164264886312,0.12359904033374113,0.010980730686843741,0.014388730850626214
RORB(+),0.02552248710253049,0.009290756293083515,0.0,0.023495296281407757,0.009060635595057267,0.24397184720362827,0.010849996977485026,0.0
RUNX3(+),0.3814735702087896,0.025416432714131704,0.046699868298859755,0.008131969162906339,0.0033706812917488217,0.27913594230258865,0.025378647502433613,0.04438975866013197
RXRA(+),0.09542753249674174,0.007769388094213063,0.017263505191053442,0.003740941940014319,0.0016014867579560962,0.0908620580300867,0.004867255221827136,0.01588122547940148
RXRB(+),0.3971884388618871,0.013736331049987265,0.02584503774764204,0.013873261924553704,0.007113357918673382,0.17133795966783533,0.024108268634458117,0.020360433584708182
SALL4(+),0.016922705779853137,0.010985034479211184,0.013018285329083572,0.0024741636737139216,0.0019628307618523994,0.0750540002566821,0.0,0.0
SETBP1(+),0.017634757820503263,0.008411077870774024,0.0,0.012490734768308741,0.011790853100645324,0.11721069381183213,0.019146342283355013,0.0014077215783643705
SHOX2(+),0.00679091547876328,0.0,0.013463260480898881,0.001876423710827967,0.0,0.05172306997793039,0.001054292363413654,0.0
SMAD1(+),1.0584461901817013,0.030468386821499844,0.0522332272854243,0.022191183714525376,0.010677959449423945,0.2984611394036789,0.027419230175473715,0.04383942756572443
SNAI2(+),0.3871961194141344,0.0,0.0,0.0,0.0,0.0,0.0,0.0
SOX12(+),0.02462015510160958,0.0,0.0014959803444750898,0.0,0.005726263256072327,0.0864448834473332,0.009311595349094726,0.0
SOX15(+),0.3079987096298278,0.03133369042586964,0.0473222861012923,0.024475503027590276,0.015750394338813693,0.2561734582708462,0.03714406736208881,0.026813074393106998
SOX4(+),0.3248097499153801,0.0,0.0,0.00845198530142183,0.0,0.014547858376697616,0.010788831511358062,0.0028598562454480703
SOX6(+),0.6473101100775913,0.008905139420542541,0.024426713705247023,0.015375922734302137,0.006200306026952623,0.16959413061296505,0.01785564431214793,0.023051695339796775
SOX9(+),0.02863038914327994,0.003650073566329162,0.03962271850059748,0.015548143692623346,0.000589328186063703,0.08173896180361484,0.007370728491070814,0.021522662128399532
SP5(+),0.08674408612264445,0.009179424463061378,0.028528152797205317,0.006324760936825876,0.00838594250221208,0.1560269151346026,0.02009852592352464,0.0
SPDEF(+),0.0,0.0,0.0,0.0,0.0,0.0,0.0,1.7754543849181337
SREBF1(+),0.011667050752307393,0.0024823647529408784,0.019810675303042747,0.004981651750877412,0.0,0.0821210225023412,0.010795519163543073,0.0
STAT5A(+),0.016209614525737586,0.010457734491189452,0.004370208653439424,0.0015637083817431731,0.006888367894678973,0.05265868408692723,0.0050789575107107136,0.006645962773779838
STAT6(+),0.8210308119486329,0.026981708782716787,0.07598289543942084,0.024054710127876237,0.016935669751694474,0.4141045112612044,0.06973977986549243,0.046811960161332586
TBP(+),0.017976562642372414,0.006695272401680421,0.0024445731522063914,0.012034318512412809,0.0013213051671202968,0.04360914040228618,0.013676369739608214,0.0
TBX1(+),0.02464972404846333,0.003747158417070981,0.0,0.0019616484002912367,0.0,0.07733472399716987,0.014392930432156167,0.01132433568998133
TBX15(+),0.0836636611204623,0.005288175251809399,0.021813648949009088,0.0,0.13203026532826048,0.0,0.010013151391689854,0.0
TCF3(+),0.009428363193874793,0.0,0.01410575038861206,0.0,0.0,0.03205295838661862,0.003331371199720962,0.0045703244924493805
TCF4(+),0.40084242905068657,0.016400297065641653,0.037257034417964054,0.015285004293485059,0.009981600482279215,0.21534532341198198,0.024593636472406005,0.02785564947922881
TCF7L1(+),0.023074994017819827,0.01053472694728627,0.007301753697411003,0.00011913806735322721,0.010812569618800826,0.11607078189677067,0.01689739040702626,0.011900061868307369
TEAD4(+),0.5838612575138431,0.02817304491571077,0.040315869274281706,0.01937257285362607,0.0,0.19302418632546034,0.023669600530310284,0.021043068496830013
TFAP2A(+),0.3175997729405257,0.011903340540568592,0.0,0.003108245730726882,0.0,0.0,0.0,0.0
TFAP2C(+),0.5783733665248774,0.03039697803962659,0.05570807084391338,0.03739891509524709,0.01368051837024306,0.3834681788632738,0.05261960843314022,0.03727040306474327
TFAP4(+),0.36575626363565195,0.016636723965375525,0.019031951333485033,0.015077891151084283,0.009840121604181695,0.17864487063104292,0.022111990210584544,0.02263366757142894
TFE3(+),0.01938213275046771,0.0009898580137058328,0.013503283104418149,0.0009746660178113311,0.004961347763905364,0.05387785375527542,0.019766350798798665,0.0020394083189701007
TFEC(+),0.0,0.0,0.0,0.0,0.0,0.5958200533866487,0.0,0.01578545745987327
TGIF1(+),0.28969574492064687,0.0,0.0,0.0,0.0,0.0,0.0013351719022141769,0.0
THAP11(+),0.0,0.0,0.0014122474985046817,0.0,1.8650936786846253,0.012176985483654243,0.0,0.0041804851975941176
THRA(+),0.02817164755548133,0.001522185853535294,0.017895678076678596,0.004924822696513695,0.029683661683396333,0.13012193994667315,0.019826424661608444,0.0023733566163714154
THRB(+),0.0022328493158998795,0.0027113319262295267,0.0,0.00029219181553796894,0.0,0.011434739837214245,0.005155449699237425,0.004109368064621516
TP53(+),0.0024617363767547406,0.0,0.0,0.0,0.010478579416018062,0.029161772129960982,0.0,0.007220208102010095
TP63(+),0.0,0.00402896496103186,0.011901799276482175,0.0,0.0,0.08836634446277626,0.0050008499323258414,0.008985129765938554
USF1(+),0.09403992002491629,0.003121283469076104,0.007747372180237584,0.007018150717594927,0.0034036828280385838,0.0370183112558635,0.01252384816900003,0.0
VAX2(+),0.2459040792964272,0.021736545408480783,0.040562733091116104,0.015344166413581382,0.007559506172015641,0.17144015648216304,0.021508749296167234,0.024109743070350867
VDR(+),0.020167446621363865,0.006767943684322953,0.011021397384229423,0.0037491883132216124,0.004600004837405248,0.07028721384402857,0.020672151606542327,0.0
VEZF1(+),0.010582578741924713,0.0029862731718878956,0.006561043492090083,0.0029761694284208815,0.0,0.028480176725524355,0.0018876252688752228,0.0
WT1(+),0.30832281411626694,0.018397953478336886,0.021682399112905218,0.004482151389206421,0.007863038186416883,0.14162448471819994,0.013486929912717428,0.01986280513700673
ZBTB25(+),0.0,0.19503321540581248,0.0,0.0,0.026751093391374603,0.020175469171562183,0.0004926958850434925,0.0
ZBTB33(+),0.9250228676614435,0.02561498241872983,0.06788703105432903,0.02717228955355484,0.008828176883153259,0.34619798118754375,0.05077062570156876,0.043410977348948936
ZBTB6(+),0.02619392596088379,0.008148324485631785,0.0,0.0,0.0,0.03160682413684128,0.010135772598415454,0.010699524557882673
ZFP28(+),0.4006015462958532,0.01676649459615024,0.038267512503384095,0.015507172255063153,0.01076339749928135,0.1993074711476051,0.029116060436099996,0.018693527114292646
ZFP3(+),1.5527794764881826,0.04423063891879245,0.08245044823564926,0.026137614491761586,0.02195142320138875,0.4426294887507255,0.06940259533896984,0.0589046066064059
ZFP90(+),0.0,0.0,0.0,0.0,0.0,0.15407316888208303,0.007804761990153566,0.0
ZNF141(+),0.0,0.0,0.0,0.0,0.0,0.11874477569659113,0.0,0.0
ZNF175(+),0.014652369647321908,0.0,0.006822067366328437,0.0,0.004417270846777603,0.045942929890889536,0.003955041870730362,0.007085246741745522
ZNF181(+),0.0241870285802106,0.0,0.010920072870348787,0.011931056595917333,0.002396982292210021,0.08666405950397198,0.0,0.005518706417770149
ZNF202(+),0.7732000487071599,0.03237401794906598,0.0614885426220119,0.0317276223252493,0.018375806360194716,0.35795796880983033,0.05150545617411273,0.03893805406451789
ZNF223(+),0.013115701802196044,0.009639590201217827,0.014686509471111464,0.006670992078681985,0.0,0.08817679030609543,0.0,0.006175669993362082
ZNF225(+),2.824832786451555,0.11427685666418293,0.2117986930020856,0.0919923932286412,0.05182700010784236,1.2522836843453475,0.171855899821282,0.1511419856263285
ZNF263(+),0.5510127643055842,0.008750341988979799,0.009411707644607862,0.011703412303225101,0.0,0.08860557684493668,0.010555560664809399,0.02782105051550413
ZNF274(+),0.025139378921513123,0.0,0.0,0.0,1.3929930494667266,0.0,0.0,0.0
ZNF281(+),0.13397219274201136,0.000260988645817468,0.0,0.0,0.0,0.0,0.0,0.0
ZNF341(+),0.02021660702699424,0.008134161761643142,0.029832136039672365,0.0009987660799939567,0.003814182988326321,0.06212527378314674,0.0055986676943380964,0.0006281289006631117
ZNF350(+),2.756760890959427,0.10322199607476588,0.2094350962727742,0.09492806519335834,0.061400802165557156,1.2142867518886795,0.16283247249077584,0.15870320738601676
ZNF354C(+),0.022439063950258,0.00887370084910181,0.006069538871994636,0.015442323834487973,0.005164186763677622,0.06615138243795765,0.0,0.007347920520099313
ZNF362(+),0.5324421033977803,0.016572053113421026,0.027773115565435887,0.010582463134592875,0.011150588911079458,0.20804797813817322,0.025251891092817755,0.026364264032132878
ZNF384(+),0.0,0.02381554721869006,0.0,0.0,0.013132002460913953,0.11507189207765366,0.004086438318489962,0.0
ZNF394(+),0.005626554111323246,0.0,0.009625563791673912,0.0,0.0,0.03945775675673418,0.006885077193312869,0.003087547915401707
ZNF398(+),0.016433316079543833,0.010168311153706934,0.0030628473820829703,0.0017998810636483818,0.008399793447414735,0.07015002957210727,0.013362076301161986,0.0005306523489196032
ZNF418(+),0.01581210437880426,0.0029512622826733392,0.00761447611568825,0.0027960154182427397,0.0039699189191276475,0.06366062836181872,0.011201469881520612,0.0027124466321017545
ZNF43(+),0.015544883312079469,0.003896424575079517,0.015148948719207517,0.0,0.0,0.04714315140545395,0.007747698321252009,0.0011633052179715441
ZNF433(+),0.2271993654408851,0.0006634848815963159,0.031233220498330962,0.007949476400876463,0.005525160977914523,0.06304931714712517,0.011461918191560571,0.00972300658768758
ZNF441(+),0.003488179306885868,0.0007355109541570144,0.023466478606456998,0.011311979545310446,0.0,0.13449751803573362,0.0025097235934738392,0.0
ZNF467(+),0.6351586900422026,0.03325367447036814,0.07637507390235868,0.0,0.024631327252815742,0.46123425323561096,0.05935839471277754,0.044453649756718804
ZNF48(+),0.03007140007991285,0.010298490464405142,0.015014049659169002,0.006964941396467974,0.0035575318441313174,0.09147166322397371,0.007085373181865895,0.01560527292544048
ZNF501(+),1.1487587622845878,0.028206905169995054,0.07851214516040256,0.02786891006190574,0.003283804368427823,0.3623828884458538,0.04465600196078522,0.04410816910982979
ZNF518A(+),0.8645550015293965,0.02827500252384971,0.07002465297017421,0.03424372379168971,0.01159182650250749,0.3354391130616285,0.045925328960888016,0.0419098868848534
ZNF518B(+),1.0003002021645844,0.03870023391222588,0.06720264065484122,0.028436938122055215,0.007820779530957552,0.40575817416520044,0.05482868505993059,0.05237934199551488
ZNF521(+),0.011625638783179088,0.0,0.030805760287372468,0.0017477799843829472,0.00700006346077281,0.07747536677021853,0.0,0.0
ZNF532(+),0.019869594863380326,0.011725042606400105,0.0,0.0,0.0,0.059870501380722405,0.0007210476689173769,0.0
ZNF543(+),0.9467403470851259,0.030221656539973447,0.06318371393850428,0.024658192681697094,0.013250069120521431,0.3709699042354798,0.05280767075732743,0.04326571892414795
ZNF552(+),0.009656173361499275,0.0009085044678866676,0.0,0.007108945884425355,0.0,0.0301663192314025,0.0005048203302154457,0.02044059489662465
ZNF561(+),0.16944920522006413,0.0,0.0,0.004831076944865687,0.003538279731284796,0.0,0.0029454716722545427,0.007351820885100049
ZNF567(+),0.014632601630009854,0.005632132006278956,0.002575119863769296,0.005902443413628059,0.0,0.0432129173704234,0.014615878899964152,0.003463586531311751
ZNF577(+),0.009134183405664796,0.005817505426302152,0.0,0.0001328128810262322,0.0,0.02874026731229305,0.029635608228817785,0.002127934153378696
ZNF579(+),1.1639299723414198,0.050927049763770736,0.11445306931311315,0.037715588748032436,0.027924238334242638,0.6084479804829855,0.059793519629312224,0.07045657067576229
ZNF580(+),0.2534336864172726,0.00407026790914909,0.0014591258461403391,0.005374085429718761,0.0034088551537617487,0.04377162232338634,0.002291356525853647,0.008524588139881667
ZNF594(+),0.0003894783134210849,0.011031316876651046,0.0,0.0030152900136495298,4.0753438767890355e-05,0.10759345313235696,0.017212117430363903,0.0
ZNF596(+),0.006221232750681194,0.0,0.0008324855349753591,1.5482518929215296,0.004169442262016525,0.03779028804668642,0.011439372759331773,0.0
ZNF597(+),0.03756491625411023,0.022594214487490702,0.037102325221240184,0.0,0.0,0.42167429024627784,0.04365758383687228,0.0
ZNF614(+),0.005898280383479985,0.0,0.0,0.0006599926573869965,0.0008567154649486869,0.04027547141599896,0.0,0.0002629500537870139
ZNF619(+),0.0,2.96230714895798,0.0,0.0,0.0,0.0,0.0,0.0
ZNF627(+),0.0,0.0,0.0,0.004914800675696839,0.0,0.32383573508827757,0.009514169066671078,0.0
ZNF639(+),0.014154645506461755,0.005450507492154124,0.01580615795844712,0.007141833389513108,0.015312962597551954,0.05212869435853154,0.0024123459333467347,0.0036989610383334013
ZNF649(+),0.01446548781659228,0.0,0.003585917554104417,0.0,0.010080619327050061,0.05936179395626833,0.1185590213316085,0.0
ZNF667(+),0.30266122930585093,0.0,0.0,0.027036294170038198,0.005420348084849186,0.030231682549900888,0.0,0.0
ZNF669(+),1.1859546318238467,0.04050276963784969,0.06961593997967865,0.03864646650601729,0.02434536716231189,0.5195839305210774,0.0664049974812384,0.06665398534132427
ZNF670(+),0.07112359170659063,0.005171916023860793,0.04652757611385333,0.013405447899885306,0.028871446924680844,0.18236555616399852,0.00938477265835848,0.012805025894548492
ZNF691(+),1.1291667774550453,0.02805760923900314,0.06460561544886932,0.038966191508100566,0.010037058743683176,0.4615756641319188,0.05352327398261758,0.12387641914401772
ZNF697(+),0.0,0.0,3.9660325942098895,0.0,0.0,0.0,0.0,0.0
ZNF71(+),0.41960994958156356,0.0,0.0,0.0,0.0,0.0,0.0,0.0
ZNF761(+),1.2937655086594564,0.03598518267195303,0.0800416616698144,0.040464490210236674,0.019902719858112997,0.43895668444253455,0.07004757619056917,0.05862177248373113
ZNF765(+),0.011754810073593577,0.011239415096644136,0.02351722239492489,0.0,0.0,0.06787942361338273,0.008259799805445188,0.0
ZNF786(+),0.7732873833215427,0.025570784821443857,0.030471656875025625,0.020600726802493058,0.009648436431970267,0.2402578959083124,0.036982369883089374,0.02872037349096426
ZNF79(+),1.6929338487145573,0.05817545214312858,0.12424935894152367,0.056757442552151406,0.0304451125878965,0.7329119358336172,0.10855864100438842,0.07904453062521201
ZNF790(+),0.0,0.03386047345935277,0.0,0.02038401739543553,0.0101148080634577,0.22568112812503283,0.0,0.0
ZNF799(+),0.5783020774727997,0.016286275610126293,0.028037247905483707,0.006330235939256443,0.00376009797333241,0.13414763675929556,0.015274920701142987,0.01811618459720581
ZNF813(+),0.24475391479760464,0.008537345802787305,0.016422479597605906,0.012560712612002053,0.005897970843314493,0.07952786300703385,0.009618610100006492,0.007244108321946968
ZNF821(+),1.9703344738876984,0.07575438746384291,0.1727113236783085,0.05941235452351747,0.02584647348326683,0.8263100040061211,0.11459365680870982,0.1152676802620687
ZNF829(+),0.008248653051447266,0.006254517013933023,0.01072085226139637,0.0,0.007636497042727833,0.031482346101193805,0.004218179653799544,6.0214690808672835e-05
ZNF845(+),1.5243889215263347,0.045319231995986455,0.0724226812006215,0.03768758981845616,0.0011852677234170477,0.3289184262372333,0.06517900424395039,0.055962380853494746
ZNF860(+),0.2749049956100197,0.012124317136629193,0.019463752398464953,0.002876506600272913,0.0,0.09898376701774653,0.009645882873489647,0.015295359388226891
ZSCAN20(+),0.53915744220268,0.018556953853637703,0.020000684392995117,0.02246987676949029,0.010646377290456909,0.20008817306659696,0.03419682203272961,0.024949251131551303
ZSCAN29(+),0.0,0.0,0.0,0.013763999919040171,0.0,0.18210633948627128,0.0,0.0038840641760713476
ZSCAN9(+),0.014358187423201177,0.009308873269059397,0.0,0.002880313979940454,0.015411601995503278,0.06621942573744839,0.017010215175638332,0.0
