program,rank,regulon,loading
Program_1,1,FOXK1(+),2.96508508200606
Program_1,2,ZNF225(+),2.824832786451555
Program_1,3,ZNF350(+),2.756760890959427
Program_1,4,ZNF821(+),1.9703344738876984
Program_1,5,HSF1(+),1.8175643103391117
Program_1,6,AR(+),1.7689111104885664
Program_1,7,PBX4(+),1.6998192886171855
Program_1,8,ZNF79(+),1.6929338487145573
Program_1,9,ZFP3(+),1.5527794764881826
Program_1,10,ZNF845(+),1.5243889215263347
Program_2,1,ZNF619(+),2.96230714895798
Program_2,2,ZBTB25(+),0.19503321540581248
Program_2,3,ZNF225(+),0.11427685666418293
Program_2,4,ZNF350(+),0.10322199607476588
Program_2,5,AR(+),0.07967231393918477
Program_2,6,ZNF821(+),0.07575438746384291
Program_2,7,FOXK1(+),0.07360642795256836
Program_2,8,DBP(+),0.06661820137993647
Program_2,9,HSF1(+),0.06596477297419019
Program_2,10,ZNF79(+),0.05817545214312858
Program_3,1,ZNF697(+),3.9660325942098895
Program_3,2,ZNF225(+),0.2117986930020856
Program_3,3,ZNF350(+),0.2094350962727742
Program_3,4,ZNF821(+),0.1727113236783085
Program_3,5,HSF1(+),0.15887837616362577
Program_3,6,FOXK1(+),0.13765339646267932
Program_3,7,ZNF79(+),0.12424935894152367
Program_3,8,AR(+),0.12151404494023742
Program_3,9,ZNF579(+),0.11445306931311315
Program_3,10,HOXC10(+),0.11272026400944772
Program_4,1,IKZF5(+),2.0888241521422413
Program_4,2,ZNF596(+),1.5482518929215296
Program_4,3,ZNF350(+),0.09492806519335834
Program_4,4,ZNF225(+),0.0919923932286412
Program_4,5,AR(+),0.07050811891529987
Program_4,6,FOXK1(+),0.06963135961463665
Program_4,7,HSF1(+),0.0623915901001455
Program_4,8,ZNF821(+),0.05941235452351747
Program_4,9,ZNF79(+),0.056757442552151406
Program_4,10,KLF3(+),0.053949247454962754
Program_5,1,THAP11(+),1.8650936786846253
Program_5,2,ZNF274(+),1.3929930494667266
Program_5,3,OSR1(+),0.43015870258444566
Program_5,4,TBX15(+),0.13203026532826048
Program_5,5,ZNF350(+),0.061400802165557156
Program_5,6,ZNF225(+),0.05182700010784236
Program_5,7,HSF1(+),0.037066256734953354
Program_5,8,ZNF79(+),0.0304451125878965
Program_5,9,THRA(+),0.029683661683396333
Program_5,10,CREB5(+),0.029154018242655837
Program_6,1,ZNF225(+),1.2522836843453475
Program_6,2,ZNF350(+),1.2142867518886795
Program_6,3,HSF1(+),1.0372856492642115
Program_6,4,AR(+),0.9525839169825235
Program_6,5,ZNF821(+),0.8263100040061211
Program_6,6,FOXK1(+),0.7653714881643544
Program_6,7,ZNF79(+),0.7329119358336172
Program_6,8,ZNF579(+),0.6084479804829855
Program_6,9,TFEC(+),0.5958200533866487
Program_6,10,HOXC10(+),0.5722205721211302
Program_7,1,HOXC6(+),2.1675046447368165
Program_7,2,ZNF225(+),0.171855899821282
Program_7,3,ZNF350(+),0.16283247249077584
Program_7,4,MZF1(+),0.14536031210963168
Program_7,5,ZNF649(+),0.1185590213316085
Program_7,6,ZNF821(+),0.11459365680870982
Program_7,7,AR(+),0.11432530480810994
Program_7,8,ZNF79(+),0.10855864100438842
Program_7,9,FOXK1(+),0.09962006415570614
Program_7,10,HSF1(+),0.09931398594944255
Program_8,1,SPDEF(+),1.7754543849181337
Program_8,2,ZNF350(+),0.15870320738601676
Program_8,3,ZNF225(+),0.1511419856263285
Program_8,4,ZNF691(+),0.12387641914401772
Program_8,5,FOXK1(+),0.1210793769260351
Program_8,6,ZNF821(+),0.1152676802620687
Program_8,7,ZNF79(+),0.07904453062521201
Program_8,8,HSF1(+),0.0783063438868725
Program_8,9,AR(+),0.07270742466614098
Program_8,10,PBX4(+),0.07201100123239217
