,mean,median,std,q25,q75,q95,max,pct_nonzero
AR(+),0.1112379190942794,0.1094961240310077,0.029898793387346696,0.1020671834625323,0.1140180878552971,0.1172480620155038,0.7441860465116279,99.94599759066173
ARID3A(+),0.030978581066794447,0.0296477628178974,0.008197686072175395,0.0267577859377124,0.0314837481300149,0.0468856249150006,0.287093703250374,99.99584596851244
ATF3(+),0.013662776052709328,0.0115454395513772,0.007514255990441079,0.0106382978723404,0.012122711528946,0.0312139205014019,0.1707900379350156,99.93768952768663
BACH2(+),0.0023409094495199824,0.0,0.013541753335390629,0.0,0.0,0.0,0.2267441860465116,3.069829269305861
BCL11A(+),0.003068723674362142,0.0,0.013740071699944728,0.0,0.0,0.0408785529715759,0.3011627906976744,5.076226477796702
BCL6(+),0.04295552112825923,0.0427433247200689,0.00896122273991261,0.0403746770025839,0.0443583118001722,0.0453273040482342,0.2505383290267011,99.96676774809953
BHLHE40(+),0.048819315838527715,0.0489879414298018,0.01539720019624392,0.0410206718346253,0.0549095607235142,0.0727820844099913,0.1958440999138673,99.94184355917419
BHLHE41(+),0.026999007791152566,0.0248923341946597,0.008980887196225053,0.0229974160206718,0.0260551248923341,0.0460809646856158,0.2276055124892334,99.9792298425622
CEBPB(+),0.02487323828877954,0.0225487115021998,0.007335168785152524,0.0209511837418814,0.0277865074376702,0.0363764927718416,0.2372197779174523,99.99584596851244
CEBPG(+),0.06527861904965845,0.0664082687338501,0.01323048330797507,0.060594315245478,0.0702842377260982,0.072609819121447,0.2439276485788113,99.91691937024882
CREB3(+),0.0015396181092587559,0.0,0.013162109255522159,0.0,0.0,0.0,0.2352228682170542,1.3666763594068043
CREB5(+),0.0037521697485837983,0.0002004811547714,0.010595558433828003,0.0,0.0011360598770382,0.0324779470729751,0.1947340283346698,53.74901341752171
CREM(+),0.0017295261795758825,0.0,0.018012845969510236,0.0,0.0,0.0,0.3251937984496124,0.9221949902380259
CTCF(+),0.03985304818429641,0.0410206718346253,0.01990857072503614,0.0339147286821705,0.0458656330749354,0.0487726098191214,0.4996770025839793,98.79117683712042
DBP(+),0.04688511505325474,0.0441429801894918,0.0119718225926973,0.0406115417743324,0.0489664082687338,0.0670542635658914,0.4342377260981912,99.99169193702488
DMBX1(+),0.03469887659209693,0.0319282945736434,0.009030994841347,0.0296269379844961,0.0403100775193798,0.0515503875968992,0.4360222868217054,100.0
E2F1(+),0.02662170392429864,0.0255688922230557,0.008724100102067619,0.0228182045511377,0.0273193298324581,0.050162540635158584,0.1791072768192048,99.94184355917419
E2F2(+),0.033738112432158615,0.032843737250102,0.01045880889477206,0.0304977560179518,0.0342717258261933,0.0353937168502652,0.1864545083639331,99.95015162214929
E2F4(+),0.02376823507116753,0.0233365633074935,0.010715255714917772,0.0197835917312661,0.025516795865633,0.04937015503875946,0.1791828165374677,99.59290491421925
E2F6(+),0.004097471335687651,0.0,0.02324166907573012,0.0,0.0,0.0,0.3964562569213732,3.0947534582312133
EGR1(+),0.02139740814196607,0.0199612403100775,0.010117500419929041,0.0171834625322997,0.0217700258397932,0.0479974160206718,0.145671834625323,99.88368711834835
ELF3(+),0.005529132543269325,0.0031669502741539,0.006334558447567851,0.002174324068822,0.0038287010777084,0.0153148043108338,0.1534552845528455,97.62389398911644
ELF4(+),0.001585826910251938,0.0,0.010883256926252815,0.0,0.0,0.0,0.2213774597495527,2.214098782868774
ELK1(+),0.0021541058926461466,0.0,0.007932831374955901,0.0,0.0,0.0260487916096671,0.2552439580483356,7.664188094545757
EN2(+),0.01299035451339879,0.0076894223555888,0.01411585710262894,0.0063765941485371,0.0085021255313828,0.0385721430357589,0.4614903725931483,99.2356582062892
ERF(+),0.02141045666456259,0.0204872646733111,0.00633612307254246,0.018322762508809,0.0219470452028591,0.0333232658814054,0.1433353468237189,99.97092177958709
ETS2(+),0.04168795554640696,0.0407708059090244,0.007583861052223063,0.0383574667251718,0.0423065672078396,0.0583223636097703,0.1488225830042416,99.98753790553732
ETV3(+),0.022177874217551928,0.0217792543373938,0.008466950472940125,0.019656699889258,0.0230712440014765,0.0239018087855297,0.1548541897379106,99.8296847090101
ETV4(+),0.033158118246570084,0.0324171952078928,0.009152444421332685,0.0304792107117688,0.0337385482734319,0.0345313601127554,0.1653453136011275,99.95015162214929
ETV7(+),0.03143495086616495,0.0274923382008292,0.00855299792738719,0.0259374436632413,0.0366864972056967,0.0475256895619253,0.3373670452496845,100.0
FLI1(+),0.014531113856850738,0.0125736434108527,0.005976022519098909,0.0111162790697674,0.0181395348837209,0.025355038759689866,0.2302325581395349,99.98753790553732
FOS(+),0.07044896868922913,0.0713662790697674,0.010737803101853795,0.0656007751937984,0.0754360465116279,0.0896802325581395,0.2601744186046512,99.98338387404976
FOSB(+),0.013303399277046246,0.0108350951374207,0.0123483351263342,0.0088971106412966,0.0119802677942212,0.0499471458773784,0.2702607470049331,98.91579778174719
FOXA2(+),0.03469298370317058,0.0338957288341693,0.008646437861934338,0.0306657546739626,0.0360997112023103,0.05237878096975211,0.192734458124335,99.98753790553732
FOXC1(+),0.041959790819484984,0.0392882311486962,0.012954343364278188,0.0372621564482029,0.0405214940098661,0.07949260042283274,0.2159090909090909,99.97092177958709
FOXK1(+),0.16894386486581348,0.1748062015503876,0.031840971498792885,0.1569767441860465,0.1856589147286821,0.1926356589147286,0.6096899224806202,99.92522743322394
FOXO1(+),0.052699228138239816,0.053141574867401,0.01173383282705302,0.0484496124031007,0.0559975520195838,0.0579355365157078,0.2626478988168094,99.95015162214929
FOXO6(+),0.0043991206870660614,0.0,0.008705465410309485,0.0,0.0,0.016375968992248,0.2708979328165374,24.68325509907365
GABPA(+),0.0020691882306602635,0.0,0.012127796306656623,0.0,0.0,0.0,0.2765354800238521,2.924438167241308
GATA2(+),0.028416019628131027,0.0275028863598878,0.00771326941375762,0.0247814613227775,0.0291934685799109,0.046363186541316014,0.2239815272967178,99.98753790553732
GATA3(+),0.03031270097480524,0.0279889683959451,0.008407416468279673,0.0264236732259988,0.0290324985092426,0.0466607036374478,0.1609645199761478,100.0
GATA6(+),0.0024767886369081943,0.0,0.013674449332588849,0.0,0.0,0.0,0.225551580202743,3.3439953474847335
GMEB2(+),0.00237356743608561,0.0,0.026760721964468232,0.0,0.0,0.0,0.603359173126615,0.7975740456112657
HDX(+),0.031610853308911446,0.0306686046511627,0.007723162535166051,0.0284883720930232,0.0320251937984496,0.051937984496124,0.1584786821705426,99.97507581107465
HES1(+),0.0017383602051941277,0.0,0.022874469843055932,0.0,0.0,0.0,0.3242894056847545,0.5774103767706559
HES2(+),0.02586979020897023,0.0221142614420728,0.008943814142728082,0.0205213974726558,0.0321227567165764,0.0438037591589678,0.3489964956992673,100.0
HOXA13(+),0.02821392424914266,0.0218161683277962,0.01546092212772733,0.0195459579180509,0.0397563676633444,0.0511627906976744,0.4410852713178294,99.98338387404976
HOXA3(+),0.0022842790159546627,0.0,0.009168956806573609,0.0,0.0,0.0326586276198679,0.2113838644846396,6.368130270427449
HOXB3(+),0.008008597165463973,0.0051330400167609,0.009523011558887552,0.0040331028703121,0.0058663314477267,0.0302220825476639,0.1799706683427613,97.97698666555893
HOXB6(+),0.027810464177691424,0.0246238030095759,0.015802151670558418,0.0221158230734154,0.026219790241678,0.0723894208846329,0.2718878248974008,99.8296847090101
HOXC10(+),0.07461471357952888,0.0730620155038759,0.019480394316513185,0.0686046511627907,0.075968992248062,0.077906976744186,0.3939922480620155,99.95015162214929
HOXC4(+),0.07582878060337785,0.0747335271317829,0.016637921707827602,0.0694040697674418,0.0782461240310077,0.11511627906976711,0.4299903100775193,99.96261371661197
HOXC6(+),0.008129235676453971,0.0,0.03447551031501851,0.0,0.0,0.128875968992248,0.4767441860465116,5.466705437627217
HOXD3(+),0.011824415331214854,0.0102489564698867,0.006890928944892184,0.0086463923673226,0.0112552176505664,0.0278026237328562,0.1545915324985092,99.9003032442986
HSF1(+),0.11562650040236139,0.1115956072351421,0.025981466589404825,0.1044896640826873,0.1161175710594315,0.1841085271317829,0.3386627906976744,99.99584596851244
IKZF2(+),0.0035587410644045536,0.0,0.017226824737359085,0.0,0.0,0.0,0.2437015503875969,4.3409629044988165
IKZF5(+),0.0035857503195223057,0.0,0.0338720112295802,0.0,0.0,0.0,0.6343669250645995,1.125742533128401
IRF1(+),0.005935019524371656,0.0042839657282741,0.011111187160137377,0.0020399836801305,0.005609955120359,0.0068339453284373,0.2043043655650754,86.27507996510614
IRF2(+),0.0019073686400248322,0.0,0.009606410678556672,0.0,0.0,0.0,0.1435077519379844,4.087566983757737
IRF3(+),0.0023625262920711518,0.0011360598770382,0.006447093031539687,0.0,0.0020716385993049,0.0027399091152098,0.100975674953221,70.24051842312964
IRF7(+),0.013590037787195681,0.0092054263565891,0.012712941676808137,0.0079336240310077,0.0099927325581395,0.0388202519379844,0.4786821705426357,99.57213475678147
IRF9(+),0.027580925948363557,0.025125798993608,0.008889824088874777,0.0228478172174622,0.0269957840337277,0.042907656738746,0.3466952264381885,99.99169193702488
IRX4(+),0.024122365462634694,0.0196147521728917,0.009785482065717405,0.0182346723044397,0.0312426591496358,0.0440157387831806,0.4180467465351186,99.99584596851244
ISL1(+),0.0035752782089264364,0.0,0.009855567150713994,0.0,0.0,0.0251937984496124,0.3217578043159438,13.359365263988701
JUNB(+),0.006307871512447897,0.0,0.016421825474624577,0.0,0.0,0.0436507936507936,0.3833517903285345,14.015702239022973
JUND(+),0.005309174546560769,0.0,0.009940391847038,0.0,0.0149501661129568,0.0176841085271317,0.2405177187153931,26.901507913429985
KLF3(+),0.062010673606797365,0.0631782945736434,0.02532109196978417,0.0546511627906976,0.0689922480620155,0.0724806201550387,0.2713178294573643,99.45997590661737
KLF4(+),0.001979712654800734,0.0,0.014397198986292442,0.0,0.0,0.0,0.2183462532299741,1.8942383583267564
KMT2B(+),0.0018699783314124949,0.0,0.011997871394218216,0.0,0.0,0.0,0.1605297157622739,2.4384164831969426
LHX6(+),0.026133010136607675,0.0230209067418369,0.010896809807823135,0.0217289170777542,0.0238430819826168,0.0510335917312661,0.2892295043457834,99.98338387404976
LHX9(+),0.006489180393844386,0.0,0.015239765206254488,0.0,0.0004306632213608,0.0356732701693942,0.4584409991386735,35.84513770614382
MAFF(+),0.017215331574900627,0.0166666666666666,0.01163837214064657,0.0138242894056847,0.0184754521963824,0.0197674418604651,0.2702842377260981,98.89502762430939
MAFG(+),0.005275102460359705,0.0,0.027045966162679253,0.0,0.0,0.0,0.4161129568106312,3.8424791259917748
MEF2B(+),0.04826101454329639,0.0476744186046511,0.014356769855351862,0.0412790697674418,0.0517441860465116,0.0836240310077519,0.1834302325581395,99.92107340173638
MEF2C(+),0.0016610007609284023,0.0,0.012444860313276768,0.0,0.0,0.0,0.191860465116279,1.7986956341129063
MEIS1(+),0.0315230730318169,0.0304358876604397,0.006947288789540297,0.0283708222137501,0.0318337781166603,0.0459079933917905,0.1983415935951201,99.98753790553732
MITF(+),0.0017805177211305272,0.0,0.016404544351060823,0.0,0.0,0.0,0.3194444444444444,1.1880530054417813
MNT(+),0.022257499775977924,0.0216701902748414,0.014778143841910054,0.0177942212825933,0.0241367159971811,0.025722339675828,0.2131782945736434,98.78702280563286
MNX1(+),0.006205480348264548,0.0,0.01597064491551938,0.0,0.0,0.0402939276485788,0.4001130490956072,14.775890001246209
MTF1(+),0.0037096735586020593,0.0,0.033157695188137125,0.0,0.0,0.0,0.3320413436692506,1.242055414780044
MXD4(+),0.06849466593375378,0.0683579985905567,0.014194180343759452,0.0643058491895701,0.0710007047216349,0.0725863284002818,0.3387949260042283,99.95015162214929
MXI1(+),0.001882141217534821,0.0,0.017052183392738306,0.0,0.0,0.0,0.3194444444444444,1.2254392888298093
MYB(+),0.03561820572855343,0.0298857609139126,0.018938577593306465,0.027641778865769,0.031313749490004,0.0790493676050591,0.6447368421052632,99.96261371661197
MYC(+),0.002324824653178623,0.0,0.020550211250198916,0.0,0.0,0.0,0.3810077519379845,1.296057824118307
MZF1(+),0.04260873687280426,0.041828165374677,0.015315699478877898,0.0381136950904392,0.0440891472868217,0.0455426356589147,0.3473837209302325,99.89614921281104
NFATC2(+),0.002048134759357598,0.0,0.011204323109955524,0.0,0.0,0.0,0.1726017441860465,3.4270759772359076
NFATC3(+),0.002048436651180823,0.0,0.021135315653687807,0.0,0.0,0.0,0.2422480620155038,0.9388111161882607
NFIL3(+),0.0026001338950614357,0.0,0.02195360840038329,0.0,0.0,0.0,0.5848837209302326,1.4331408632077431
NKX3-1(+),0.03513149361261301,0.0332364341085271,0.012276982170878735,0.0310077519379844,0.0345930232558139,0.0721899224806201,0.3348837209302325,99.95015162214929
NR1H3(+),0.002566734596352115,0.0,0.017496328891465653,0.0,0.0,0.0,0.471656976744186,2.1850205624558634
NR2F1(+),0.005570308490556369,0.0005725863284002,0.01085430066996321,0.0,0.0011451726568005,0.022683227625088,0.2954545454545454,66.57250861961533
NR2F6(+),0.027359702646789646,0.0260243632336655,0.00872436000163506,0.0245016611295681,0.027062569213732,0.054125138427464,0.2326273532668881,99.95845968512441
NRL(+),0.006622654201086794,0.0011969904240766,0.012950215074978224,0.0,0.0019949840401276,0.0296967624259005,0.3318513451892385,74.88472562622024
ONECUT2(+),0.020660809804287104,0.0186821705426356,0.01050350323623561,0.0169767441860465,0.0197674418604651,0.0515503875968992,0.2093798449612403,99.87537905537323
OSR1(+),0.0032797661849170855,0.0,0.015744307810898476,0.0,0.0,0.0,0.3145994832041344,4.349270967473933
OTX1(+),0.005999757842505529,0.0,0.02782906138016079,0.0,0.0,0.0,0.7668881506090809,4.669131392015951
OVOL2(+),0.03764709108846462,0.0361295681063122,0.008825402657935364,0.0332225913621262,0.0380675526024363,0.0579549649317091,0.132798080472499,99.98338387404976
PAX3(+),0.004089250533825215,0.001937984496124,0.011225192920844057,0.0,0.0036337209302325,0.00484496124031,0.1805959302325581,69.22693474016533
PAX5(+),0.030452366582330116,0.0265867248062015,0.012335386230768903,0.0252543604651162,0.0274345930232558,0.0565649224806201,0.4126695736434108,99.98338387404976
PAX9(+),0.020967146165187155,0.0188261351052048,0.01615916423888154,0.0159191583610188,0.0207641196013289,0.0693521594684385,0.7944352159468439,99.13180741910024
PBX4(+),0.0981075881990155,0.1012058570198105,0.01795983290667347,0.0913006029285099,0.1074504737295435,0.1113264427217915,0.3184754521963824,99.93353549619907
PITX1(+),0.003690388261687365,0.0,0.011271965047380454,0.0,0.0002153316106804,0.0344530577088716,0.1775768016078093,29.780251734308145
PITX2(+),0.0051265141801292,0.0,0.026123318493428235,0.0,0.0,0.0,0.5562015503875969,3.8549412204544513
PKNOX1(+),0.0020681401241765597,0.0,0.022300699231285772,0.0,0.0,0.0,0.4878875968992248,0.8640385494122046
PLAGL2(+),0.0025121424916524893,0.0,0.01938932883740386,0.0,0.0,0.0,0.3145994832041344,1.678228720973705
POU5F1(+),0.03933680822332588,0.0378416972664218,0.009828158386185866,0.0343397252821977,0.0401536787705698,0.0561675506595947,0.3382632938936488,99.98753790553732
PRDM1(+),0.02654325892464679,0.0213662790697674,0.01330317575436908,0.0194282945736434,0.0342054263565891,0.0469476744186046,0.4232073643410852,99.94599759066173
PRDM16(+),0.037987857991374385,0.0349612403100775,0.014548684161180455,0.0315503875968992,0.0371317829457364,0.0717054263565891,0.2621705426356589,99.9293814647115
PRDM4(+),0.07879348856816613,0.0796726959517657,0.014405779762063736,0.0747200689061154,0.0829026701119724,0.0848406546080964,0.3968561584840654,99.93353549619907
PURA(+),0.0027019835707364614,0.0,0.013570885426148751,0.0,0.0,0.0,0.2027962347729789,4.037718605907033
RARA(+),0.055953930088708075,0.0574935400516795,0.01440332889636388,0.0493724621631598,0.0626614987080103,0.068844592100406,0.3014027316352898,99.92107340173638
RARB(+),0.025134938169564386,0.0226382144986796,0.007263583662452024,0.0209983814634977,0.0298790356929891,0.0391430275151205,0.2542167135190391,99.99584596851244
RARG(+),0.004677658427193474,0.0027131782945736,0.009784587882327837,0.0010077519379844,0.0037984496124031,0.0362015503875969,0.1936434108527131,83.23017488472563
RFX2(+),0.001410410731163788,0.0,0.007382941833187126,0.0,0.0,0.0,0.1823941562313655,3.8258630000415406
RFX5(+),0.012502729646031125,0.0089566310496543,0.010668115984074359,0.0078566939032055,0.0096899224806201,0.034621831133459,0.165357217682799,99.77568229967183
RORB(+),0.006377847161910941,0.0,0.02428653732765177,0.0,0.0,0.087984496124031,0.4664728682170542,6.820919702571346
RUNX3(+),0.02577428275601415,0.0195413436692506,0.017327869179497402,0.0177648578811369,0.020671834625323,0.0590277777777777,0.5120316537467701,99.9293814647115
RXRA(+),0.006933470058762984,0.0026519787841697,0.01570560869856552,0.0004079967360261,0.0039779681762545,0.0505915952672378,0.2883516931864545,77.79670169899889
RXRB(+),0.024214971236820426,0.0229789590254706,0.00775378083888647,0.0209486895533407,0.0242709486895533,0.0436507936507936,0.1337209302325581,99.96676774809953
SALL4(+),0.0024786727515177503,0.0,0.017176689867369296,0.0,0.0,0.0,0.3587693798449612,2.147634279067835
SETBP1(+),0.0034795534015928564,0.0,0.02108907038974088,0.0,0.0,0.0,0.2643964562569214,2.704274498400698
SHOX2(+),0.001428954629925707,0.0,0.015203149662282167,0.0,0.0,0.0,0.4418604651162791,0.9221949902380259
SMAD1(+),0.06086369169008307,0.0622923588039867,0.016528661346686367,0.0559246954595791,0.0661683277962347,0.0686600221483942,0.333610188261351,99.7881443941345
SNAI2(+),0.019100558797739517,0.0205426356589147,0.01743988794674292,0.0116279069767441,0.025968992248062,0.0294573643410852,0.3821705426356589,90.00955427242138
SOX12(+),0.0031114178868731626,0.0,0.018985795835582887,0.0,0.0,0.0,0.3587693798449612,2.695966435425581
SOX15(+),0.021657364352644846,0.0160007950705625,0.012589882433983682,0.0149572649572649,0.0250944146292983,0.0409958258795468,0.2573047107930828,99.98753790553732
SOX4(+),0.016970110884732447,0.016392118863049,0.011204289306157078,0.0114664082687338,0.0197835917312661,0.043556201550387405,0.2862564599483204,97.96452457109625
SOX6(+),0.0369022819428793,0.0371277029783761,0.011917492935254946,0.0325377396980824,0.0399836801305589,0.042125662994696,0.2425540595675234,99.8296847090101
SOX9(+),0.003400547065552439,0.0,0.014831337033829925,0.0,0.0,0.0529715762273901,0.3046511627906976,5.379470776388485
SP5(+),0.007917600635567816,0.0016879219804951,0.014796247807190119,0.0003750937734433,0.002500625156289,0.0330082520630157,0.5247561890472618,79.1716861213808
SPDEF(+),0.005230255711229764,0.0,0.03348922451059565,0.0,0.0,0.0,0.4815891472868217,2.434262451709384
SREBF1(+),0.002394386384121095,0.0,0.014433340433394152,0.0,0.0,0.0,0.3430232558139535,2.895359946828397
STAT5A(+),0.0020419649849851957,0.0,0.010326405785965753,0.0,0.0,0.0,0.2480620155038759,3.908943629792714
STAT6(+),0.051408784805942055,0.0496954595791805,0.015586175349319787,0.0465116279069767,0.0516334440753045,0.07023809523809492,0.3261351052048726,99.95430565363685
TBP(+),0.001954435824655469,0.0,0.010287612246033207,0.0,0.0,0.0,0.1149110807113543,3.584929173763137
TBX1(+),0.003001926418684937,0.0,0.009941780595211622,0.0,0.0,0.0310723514211886,0.1602713178294573,9.155485398579321
TBX15(+),0.004961507584971658,0.0,0.02178176043818759,0.0,0.0050387596899224,0.0085271317829457,0.3844961240310077,48.00398787022805
TCF3(+),0.0012020527355907425,0.0,0.008290423124771497,0.0,0.0,0.0,0.1593453919035314,2.234868940306568
TCF4(+),0.025409568183596555,0.0232558139534883,0.008411827048730463,0.0215503875968992,0.0243410852713178,0.0424806201550387,0.1836434108527131,99.97092177958709
TCF7L1(+),0.003802154852565521,0.0,0.013875107591948616,0.0,0.0,0.0462056303549571,0.2426560587515299,7.593569559257259
TEAD4(+),0.03425395291270304,0.033989266547406,0.012524975412244635,0.0305605247465712,0.0360763267740011,0.0374180083482409,0.1817233154442456,99.8089145515723
TFAP2A(+),0.01629812316671154,0.0150193798449612,0.020385913277398658,0.0094476744186046,0.0184108527131782,0.0205910852713178,0.562984496124031,92.6805965189216
TFAP2C(+),0.03817453670896944,0.0329457364341085,0.018073803977489384,0.0307017543859649,0.0343737250101999,0.0818033455732354,0.3802529579763362,99.9792298425622
TFAP4(+),0.02277047504811748,0.0217417635658914,0.007385925719140267,0.0204093992248062,0.0226501937984496,0.0454215116279069,0.1381419573643411,99.94599759066173
TFE3(+),0.002266825196100876,0.0,0.011413795210211118,0.0,0.0,0.0,0.1774467054263566,3.92140572425539
TFEC(+),0.01037190818495551,0.0,0.031218725219555828,0.0,0.0,0.0920542635658914,0.7664728682170543,10.775557678727205
TGIF1(+),0.014699273881736282,0.0147286821705426,0.013406667781425375,0.0102713178294573,0.0174418604651162,0.0191860465116279,0.3015503875968992,95.08162671873053
THAP11(+),0.007784944823835252,0.0,0.03394998190204386,0.0,0.0,0.11737726098191138,0.4689922480620155,5.138536950110082
THRA(+),0.004417435457674979,0.0,0.018528742931356756,0.0,0.0,0.0721899224806201,0.4027777777777778,5.6037884767166535
THRB(+),0.0003922983612184772,0.0,0.009638316026328538,0.0,0.0,0.0,0.2480620155038759,0.16616125950234703
TP53(+),0.0007789077387459827,0.0,0.015719699032398265,0.0,0.0,0.0,0.3320413436692506,0.24508785776596187
TP63(+),0.0018032803646015974,0.0,0.020292160351927963,0.0,0.0,0.0,0.4428294573643411,0.8100361400739418
USF1(+),0.005684333215152697,0.003875968992248,0.011035352125323243,0.0017441860465116,0.0051356589147286,0.03802325581395327,0.1979651162790697,85.47750591949487
VAX2(+),0.016569498101851175,0.0127654196157735,0.0097805010673318,0.0118385574654533,0.0134395011796427,0.0338304684866868,0.220551061678463,99.9792298425622
VDR(+),0.0026428213988652725,0.0,0.017129506103257974,0.0,0.0,0.0,0.2248062015503876,2.359489884933328
VEZF1(+),0.0011780969006278837,0.0,0.008759077139085483,0.0,0.0,0.0,0.1346899224806201,1.8111577285755827
WT1(+),0.018973573821374722,0.0169362992922143,0.011596731483233494,0.0150825749915739,0.0181159420289855,0.0524941017863161,0.4182676103808561,99.7881443941345
ZBTB25(+),0.0010018380784287584,0.0,0.021602222286512575,0.0,0.0,0.0,0.4961240310077519,0.21600963735305115
ZBTB33(+),0.0551532048674944,0.0552325581395348,0.015068369260431388,0.0507751937984496,0.0579457364341085,0.0596899224806201,0.2531007751937985,99.92522743322394
ZBTB6(+),0.0021123089105263434,0.0,0.0183084370586054,0.0,0.0,0.0023255813953488,0.3748062015503876,17.25584679931874
ZFP28(+),0.025044919778199514,0.0233942414174972,0.009453652288836668,0.0218715393133997,0.0243632336655592,0.0530177187153931,0.195874861572536,99.96261371661197
ZFP3(+),0.08953720225013254,0.0906976744186046,0.024847177281990356,0.0817829457364341,0.0961240310077519,0.0996124031007752,0.4887596899224806,99.81722261454742
ZFP90(+),0.002926861352275716,0.0,0.02596737534414621,0.0,0.0,0.0,0.2466085271317829,1.2586715407302786
ZNF141(+),0.002292338409516875,0.0,0.026332547335061223,0.0,0.0,0.0,0.3320413436692506,0.7560337307356789
ZNF175(+),0.0017675564988534496,0.0,0.0136166221313576,0.0,0.0,0.0004306632213608,0.3189061154177433,8.83977900552486
ZNF181(+),0.0031232162665718924,0.0,0.017995879039197745,0.0,0.0,0.0,0.2136089577950043,3.0033647655049225
ZNF202(+),0.04768524707730935,0.0462134764460345,0.015849493196802903,0.0427847346451997,0.0483005366726296,0.0499403697078115,0.2704233750745378,99.95015162214929
ZNF223(+),0.002565677974970832,0.0,0.015378637499499179,0.0,0.0,0.0,0.1943798449612403,2.7582769077389604
ZNF225(+),0.17284848093222618,0.1752799310938846,0.02104295000163695,0.1655900086132644,0.181739879414298,0.185615848406546,0.4959086993970715,99.96261371661197
ZNF263(+),0.03026525906182643,0.0284237726098191,0.02111001356182313,0.0236864771748492,0.0314384151593453,0.0335917312661498,0.4201119724375538,98.96149212811032
ZNF274(+),0.006853789684283924,0.0,0.02962378367363452,0.0,0.0062984496124031,0.0106589147286821,0.4772286821705426,48.10783865741703
ZNF281(+),0.006572050817437155,0.00484496124031,0.01668934203492377,0.0,0.0093669250645994,0.0122739018087855,0.3194444444444444,67.66917293233082
ZNF341(+),0.002462739571958719,0.0,0.013599874610365808,0.0,0.0,0.0,0.2335271317829457,3.2650687492211192
ZNF350(+),0.1686559808231873,0.1717054263565891,0.019110862292882436,0.1627906976744186,0.1775193798449612,0.1810077519379845,0.3848837209302325,99.95845968512441
ZNF354C(+),0.0026593902284298677,0.0,0.0124347581097263,0.0,0.0,0.0,0.1735707364341085,4.544510447389191
ZNF362(+),0.031920079090827363,0.0313711240310077,0.011341371931892337,0.0285852713178294,0.0330668604651162,0.034156976744186,0.2653827519379845,99.88368711834835
ZNF384(+),0.0021472424905683626,0.0,0.026407742849920656,0.0,0.0,0.0,0.6440568475452196,0.6771071324720641
ZNF394(+),0.0011720165117921357,0.0,0.014646425029352783,0.0,0.0,0.0,0.1972868217054263,0.639720849084036
ZNF398(+),0.0024205444872620967,0.0,0.020711497044262655,0.0,0.0,0.0,0.3569767441860465,1.370830390894363
ZNF418(+),0.0022516329559795836,0.0,0.00892707012055761,0.0,0.0,0.0325868504163077,0.2127476313522825,6.347360112989657
ZNF43(+),0.001859669731955482,0.0,0.01325871795270201,0.0,0.0,0.0,0.1926356589147286,1.973164956590371
ZNF433(+),0.013108299237789162,0.0112859097127222,0.013210616739443487,0.0086639306885544,0.0127678978568171,0.0541495668034655,0.2272001823985408,97.64881817804178
ZNF441(+),0.002966932460278281,0.0,0.02620801124733432,0.0,0.0,0.0,0.2490310077519379,1.2711336351929547
ZNF467(+),0.042673001495681304,0.0368217054263565,0.02294972693526875,0.0337763012181616,0.0386212624584717,0.1024363233665559,0.5164728682170543,99.95430565363685
ZNF48(+),0.0036323758344424116,0.0,0.010783607839834487,0.0,0.0,0.0307493540051679,0.1795865633074935,11.336351929547627
ZNF501(+),0.0669086700525473,0.0675526024363233,0.019028560012473415,0.0611849390919158,0.0714285714285714,0.0739202657807309,0.4748062015503876,99.84630083496033
ZNF518A(+),0.05188663873483009,0.0516795865633074,0.011070244290347506,0.047157622739018,0.0554263565891472,0.0577519379844961,0.25671834625323,99.94599759066173
ZNF518B(+),0.06035862833439621,0.0592615259077927,0.014595304497069028,0.0546715626274989,0.0621175030599755,0.09908200734394097,0.2278661770705834,99.95845968512441
ZNF521(+),0.0022459141558122467,0.0,0.022996867981613375,0.0,0.0,0.0,0.4825581395348837,0.9512732106509367
ZNF532(+),0.002307832168755435,0.0,0.01700359025009326,0.0,0.0,0.0,0.3592538759689923,1.9025464213018735
ZNF543(+),0.05683855018504756,0.0565891472868217,0.012543803839187156,0.0522286821705426,0.0593992248062015,0.0825581395348837,0.202422480620155,99.95845968512441
ZNF552(+),0.001221424127580933,0.0,0.011733565967179543,0.0,0.0,0.0,0.2412790697674418,1.0966643127154905
ZNF561(+),0.008675064349712835,0.0071556350626118,0.01353776029198746,0.0013416815742397,0.011329755515802,0.0140131186642814,0.2270423375074537,80.6297511735139
ZNF567(+),0.001761027585023202,0.0,0.012791814135140639,0.0,0.0,0.0,0.2947674418604651,1.919162547252108
ZNF577(+),0.001202415005778612,0.0,0.01667734935357317,0.0,0.0,0.0,0.249515503875969,0.5192539359448345
ZNF579(+),0.07320752602092832,0.0708979328165374,0.018689778578760547,0.0671834625322997,0.0731589147286821,0.127422480620155,0.393249354005168,99.96676774809953
ZNF580(+),0.013938886008361656,0.0130121816168327,0.009595259766228803,0.0100359911406423,0.0148809523809523,0.0402131782945736,0.1774640088593577,98.01437294894694
ZNF594(+),0.0022392859531156894,0.0,0.018678116462717404,0.0,0.0,0.0,0.3204134366925064,1.4372948946953017
ZNF596(+),0.004508396134883012,0.0,0.02867714085875407,0.0,0.0,0.0,0.3841085271317829,2.463340672122295
ZNF597(+),0.01078007634818163,0.0,0.024593694023981566,0.0,0.0,0.0565435476516187,0.4663702690378477,17.962032152203715
ZNF614(+),0.0011404265514100038,0.0,0.016549462645510216,0.0,0.0,0.0,0.4898255813953488,0.4818676525568064
ZNF619(+),0.00841140390056043,0.0,0.05084691229623568,0.0,0.0,0.0,0.6472868217054264,2.695966435425581
ZNF627(+),0.005215821256855359,0.0,0.030222709536265106,0.0,0.0,0.0,0.3837209302325581,2.986748639554688
ZNF639(+),0.001971440818844403,0.0,0.012261486372284185,0.0,0.0,0.0,0.2388565891472868,2.592115648236614
ZNF649(+),0.0024814345026413155,0.0,0.016287409415987667,0.0,0.0,0.0,0.3079242032730405,2.3885681053462386
ZNF667(+),0.01621804276665117,0.0130121816168327,0.026807624930834047,0.0069213732004429,0.0168881506090808,0.0193798449612403,0.5138427464008859,88.40609811822374
ZNF669(+),0.07241171010384609,0.0715977605512489,0.014859125483308233,0.0667527993109388,0.0746124031007751,0.1121877691645133,0.2691645133505598,99.9792298425622
ZNF670(+),0.007729812668207385,0.0011304909560723,0.022014048598076808,0.0,0.003391472868217,0.0755813953488372,0.2422480620155038,59.61450587795456
ZNF691(+),0.0682762457620713,0.065891472868217,0.020751966722876502,0.0598006644518272,0.0697674418604651,0.1245847176079734,0.3193521594684385,99.96261371661197
ZNF697(+),0.00744938199926129,0.0,0.04090993510523624,0.0,0.0,0.0,0.4767441860465116,3.269222780708678
ZNF71(+),0.020914872302173867,0.0205426356589147,0.024923446809768237,0.0120155038759689,0.025968992248062,0.0294573643410852,0.4042635658914729,90.25048809869979
ZNF761(+),0.07621513816478932,0.0777962347729789,0.015959167909377996,0.0714285714285714,0.081672203765227,0.0841638981173864,0.3521594684385382,99.9003032442986
ZNF765(+),0.00212086385392579,0.0,0.018043760984485405,0.0,0.0,0.0,0.311046511627907,1.3749844223819216
ZNF786(+),0.044981065881543936,0.0440568475452196,0.014938423229718056,0.0364341085271317,0.0494832041343669,0.0537467700258397,0.2369509043927648,99.93768952768663
ZNF79(+),0.10316910970180719,0.1040974529346622,0.018459967135597468,0.0977297895902547,0.108250276854928,0.1107419712070874,0.3823366555924695,99.93353549619907
ZNF790(+),0.0038054671884645438,0.0,0.029811136124968426,0.0,0.0,0.0,0.4612403100775193,1.6366884060981184
ZNF799(+),0.032615096842219915,0.0321151716500553,0.011473437527332216,0.0275932078257659,0.0359911406423034,0.05669988925802855,0.2038575119970468,99.67598554397043
ZNF813(+),0.014361646117091478,0.0126937984496124,0.011759161557621632,0.0105620155038759,0.0140503875968992,0.0493217054263565,0.2936046511627907,99.01134050596103
ZNF821(+),0.1195849791743676,0.1203312191684284,0.02024631804948024,0.1122269203664552,0.1252642706131078,0.1291402396053559,0.4644115574348132,99.95015162214929
ZNF829(+),0.0011631932201053834,0.0,0.014551069229375869,0.0,0.0,0.0,0.3802325581395349,0.6480289120591535
ZNF845(+),0.08571818928737172,0.0844099913867355,0.02717390027991777,0.0749354005167958,0.0923772609819121,0.1354435831180017,0.4373385012919896,99.9086113072737
ZNF860(+),0.016274286011973366,0.0145348837209302,0.012748557998713264,0.0121662360034453,0.0159345391903531,0.0546942291128337,0.2309431524547803,99.08195904124953
ZSCAN20(+),0.03215948433817418,0.031734496124031,0.010661095262267075,0.0290697674418604,0.0335513565891472,0.034641472868217,0.2704699612403101,99.88368711834835
ZSCAN29(+),0.00330656076140499,0.0,0.03198880551937352,0.0,0.0,0.0,0.6388888888888888,1.0675860923025797
ZSCAN9(+),0.0022581669386108204,0.0,0.020466523025470244,0.0,0.0,0.0,0.3728682170542635,1.2212852573422508
